nodenumber;    x-coordinate;    y-coordinate;    z-coordinate;skin-friction-coef
267;-2.514376858E-15;-7.492136955E-02; 1.665334537E-16; 1.650734991E-01
268; 1.409917488E-03;-7.477679104E-02;-7.466388618E-11; 1.578287333E-01
269; 2.817232860E-03;-7.467392087E-02;-2.421074452E-11; 1.267315894E-01
270; 4.220285919E-03;-7.458462566E-02; 3.435046692E-11; 8.813333511E-02
271; 5.618170369E-03;-7.448148727E-02;-6.303713107E-11; 6.645831466E-02
273; 7.009407505E-03;-7.433745265E-02; 4.867145575E-11; 5.749588087E-02
276; 8.392293006E-03;-7.413986325E-02; 2.235278629E-11; 5.528134480E-02
279; 9.771587327E-03;-7.392741740E-02;-9.539385948E-11; 5.331984162E-02
283; 1.115221996E-02;-7.373152673E-02; 1.336485506E-10; 4.906692356E-02
287; 1.253061555E-02;-7.351668924E-02; 1.113499293E-10; 4.653302953E-02
293; 1.390245557E-02;-7.325197756E-02;-4.734052039E-11; 4.669744149E-02
300; 1.527374610E-02;-7.297201455E-02;-5.702130434E-11; 4.644198343E-02
307; 1.665069349E-02;-7.270630449E-02; 1.292771029E-10; 4.467004538E-02
315; 1.802752167E-02;-7.242379338E-02;-8.003271657E-11; 4.345045984E-02
324; 1.939697564E-02;-7.209805399E-02; 2.096575691E-11; 4.449596256E-02
334; 2.076076716E-02;-7.174984366E-02; 7.414507897E-11; 4.600957036E-02
345; 2.212337963E-02;-7.140751928E-02;-1.267451699E-10; 4.579396546E-02
356; 2.348434366E-02;-7.107915729E-02;-1.272400518E-10; 4.397187009E-02
367; 2.483693697E-02;-7.074420154E-02; 4.323069680E-11; 4.294957593E-02
382; 2.617389336E-02;-7.038234919E-02; 5.791295221E-11; 4.372501001E-02
395; 2.749300934E-02;-6.999722123E-02; 4.825591315E-11; 4.561663419E-02
413; 2.879593894E-02;-6.960873306E-02;-4.156247568E-11; 4.697605968E-02
428; 3.008354269E-02;-6.923359632E-02; 1.408359540E-12; 4.675993696E-02
444; 3.135169670E-02;-6.886903197E-02; 8.755814129E-11; 4.601678252E-02
461; 3.259519860E-02;-6.850416958E-02; 8.295061860E-11; 4.579525813E-02
478; 3.381218389E-02;-6.813026965E-02;-1.560428592E-10; 4.661747813E-02
497; 3.500515968E-02;-6.774875522E-02; 3.762934409E-11; 4.820335284E-02
517; 3.617717698E-02;-6.736435741E-02;-1.192163590E-10; 5.007240549E-02
536; 3.733126074E-02;-6.698130071E-02; 2.125312426E-11; 5.160427466E-02
556; 3.847038746E-02;-6.660336256E-02;-6.926097196E-11; 5.246617645E-02
577; 3.959735483E-02;-6.623373181E-02;-2.038980096E-12; 5.287017673E-02
597; 4.071403295E-02;-6.587182730E-02;-3.582090180E-11; 5.270073935E-02
617; 4.182187095E-02;-6.551484019E-02;-8.477463176E-11; 5.226330832E-02
638; 4.292240739E-02;-6.515999883E-02;-1.716356224E-10; 5.220187083E-02
659; 4.401723668E-02;-6.480460614E-02; 6.784151019E-11; 5.252092332E-02
683; 4.510785267E-02;-6.444603205E-02; 6.222319882E-11; 5.311505869E-02
708; 4.619586468E-02;-6.408272684E-02; 2.283839784E-12; 5.407665670E-02
731; 4.728343338E-02;-6.371497363E-02;-2.825979728E-11; 5.542652681E-02
754; 4.837257788E-02;-6.334330887E-02; 1.256469651E-10; 5.690283328E-02
780; 4.946387932E-02;-6.296875328E-02;-2.050654091E-11; 5.824105442E-02
810; 5.055750534E-02;-6.259250641E-02;-3.885704258E-11; 5.965134129E-02
835; 5.165363476E-02;-6.221571937E-02; 4.925997110E-11; 6.092008203E-02
864; 5.275219679E-02;-6.183918566E-02;-7.901175547E-11; 6.189909577E-02
891; 5.385313183E-02;-6.146340445E-02; 5.619325838E-11; 6.274798512E-02
919; 5.495635048E-02;-6.108887494E-02; 1.280676537E-10; 6.359148026E-02
948; 5.606175214E-02;-6.071610004E-02; 2.637638719E-11; 6.433843821E-02
981; 5.716927722E-02;-6.034557894E-02;-4.502909157E-11; 6.494143605E-02
1009; 5.827877671E-02;-5.997733772E-02; 5.736425224E-11; 6.532578915E-02
1039; 5.938987806E-02;-5.961057916E-02; 1.336189215E-10; 6.585192680E-02
1070; 6.050220504E-02;-5.924442410E-02; 2.963645995E-11; 6.679934263E-02
1100; 6.161540374E-02;-5.887794867E-02; 3.296739270E-11; 6.755246967E-02
1133; 6.272912771E-02;-5.851025134E-02;-5.472233777E-12; 6.882664561E-02
1163; 6.384298950E-02;-5.814041570E-02;-1.000899363E-10; 7.069125772E-02
1199; 6.495686620E-02;-5.776802450E-02;-5.660802382E-11; 7.268587500E-02
1233; 6.607126445E-02;-5.739443749E-02;-3.492722778E-11; 7.505065948E-02
1270; 6.718680263E-02;-5.702146143E-02; 4.586261926E-11; 7.712143660E-02
1302; 6.830411404E-02;-5.665092543E-02; 1.884520318E-12; 7.901319116E-02
1338; 6.942382455E-02;-5.628463253E-02;-6.515135653E-11; 8.044664562E-02
1372; 7.054655999E-02;-5.592443049E-02; 2.858355219E-11; 8.106809855E-02
1407; 7.167273015E-02;-5.557154492E-02; 3.997316367E-11; 8.122884482E-02
1444; 7.280221581E-02;-5.522446334E-02; 2.768124618E-11; 8.104040474E-02
1478; 7.393488288E-02;-5.488092452E-02; 5.020955179E-11; 8.104662597E-02
1514; 7.507054508E-02;-5.453866348E-02; 1.775800340E-11; 8.140821010E-02
1550; 7.620900869E-02;-5.419538543E-02; 6.764701299E-11; 8.242684603E-02
1584; 7.735005021E-02;-5.384877697E-02; 2.680353162E-11; 8.457955718E-02
1624; 7.849356532E-02;-5.349694192E-02;-1.012032055E-10; 8.744489402E-02
1663; 7.963997871E-02;-5.314127356E-02;-2.885222616E-11; 9.091544151E-02
1706; 8.078989387E-02;-5.278456584E-02; 4.365070805E-11; 9.444694966E-02
1747; 8.194407821E-02;-5.242964998E-02; 2.017116335E-11; 9.742287546E-02
1783; 8.310312033E-02;-5.207944289E-02; 1.261343807E-11; 9.956499934E-02
1824; 8.426744491E-02;-5.173696578E-02;-2.464278781E-11; 1.003246680E-01
1862; 8.543758094E-02;-5.140430853E-02;-8.409223318E-11; 1.000461876E-01
1900; 8.661308885E-02;-5.107931420E-02; 7.536115482E-11; 9.931433946E-02
1939; 8.779333532E-02;-5.075845122E-02;-9.695044767E-11; 9.898963571E-02
1978; 8.897760510E-02;-5.043811724E-02;-1.935845928E-11; 9.961441904E-02
2015; 9.016522020E-02;-5.011468008E-02;-1.130736477E-11; 1.016937718E-01
2060; 9.135572612E-02;-4.978516698E-02; 2.529509935E-11; 1.055039689E-01
2103; 9.254942834E-02;-4.945159703E-02; 3.907932311E-11; 1.099055856E-01
2146; 9.374704212E-02;-4.911799356E-02;-3.793959591E-11; 1.141805425E-01
2191; 9.494946152E-02;-4.878840223E-02;-2.267513954E-11; 1.173503771E-01
2230; 9.615738690E-02;-4.846699163E-02; 1.476070099E-10; 1.185774580E-01
2272; 9.737139940E-02;-4.815672338E-02;-2.216378470E-11; 1.182231158E-01
2314; 9.859101474E-02;-4.785514995E-02; 9.206996276E-12; 1.171598434E-01
2354; 9.981541336E-02;-4.755823687E-02; 3.706392138E-11; 1.165149286E-01
2395; 1.010440066E-01;-4.726184905E-02;-9.149148800E-11; 1.172773018E-01
2438; 1.022760123E-01;-4.696180671E-02; 4.219743999E-11; 1.200700849E-01
2480; 1.035107374E-01;-4.665546119E-02; 2.720405845E-11; 1.248172075E-01
2524; 1.047489792E-01;-4.634566233E-02; 7.430757398E-12; 1.300343722E-01
2569; 1.059913933E-01;-4.603671655E-02;-6.849880385E-11; 1.348807663E-01
2615; 1.072387397E-01;-4.573297501E-02; 5.085343258E-11; 1.382990927E-01
2656; 1.084917635E-01;-4.543883726E-02;-4.442668455E-12; 1.390989274E-01
2699; 1.097508222E-01;-4.515590891E-02;-1.958397333E-11; 1.382106245E-01
2741; 1.110152975E-01;-4.488091916E-02;-6.325051594E-11; 1.366756707E-01
2787; 1.122843474E-01;-4.461009428E-02; 8.161518683E-11; 1.360735744E-01
2826; 1.135574654E-01;-4.433951527E-02;-1.716032871E-11; 1.372307241E-01
2868; 1.148339659E-01;-4.406522587E-02;-3.635523826E-11; 1.404715031E-01
2911; 1.161132231E-01;-4.378465936E-02;-8.104056315E-11; 1.459791064E-01
2956; 1.173956543E-01;-4.350045323E-02;-5.781074924E-11; 1.522630751E-01
3006; 1.186819673E-01;-4.321656376E-02; 5.510438633E-11; 1.583580673E-01
3053; 1.199728027E-01;-4.293701425E-02;-4.594963299E-12; 1.625397354E-01
3096; 1.212687567E-01;-4.266592115E-02;-4.658118335E-11; 1.636845917E-01
3142; 1.225702241E-01;-4.240623116E-02;-2.841653995E-11; 1.628651172E-01
3185; 1.238768175E-01;-4.215562344E-02;-3.162523021E-11; 1.608913392E-01
3223; 1.251877993E-01;-4.191026837E-02; 4.935699072E-11; 1.597540975E-01
3265; 1.265025735E-01;-4.166626185E-02;-3.402211846E-11; 1.605181694E-01
3309; 1.278204173E-01;-4.141966254E-02; 3.345518307E-12; 1.636812985E-01
3355; 1.291408539E-01;-4.116722196E-02;-5.464744976E-12; 1.694654226E-01
3401; 1.304640621E-01;-4.091081396E-02; 6.963627591E-12; 1.766267121E-01
3447; 1.317905486E-01;-4.065436870E-02;-2.654096387E-11; 1.835679710E-01
3493; 1.331210285E-01;-4.040184990E-02; 1.619522572E-11; 1.881705374E-01
3543; 1.344559640E-01;-4.015730321E-02; 2.535028437E-11; 1.897702366E-01
3587; 1.357958019E-01;-3.992376849E-02; 3.848443439E-11; 1.888997853E-01
3630; 1.371400952E-01;-3.969917446E-02; 5.628303379E-12; 1.865946949E-01
3671; 1.384882629E-01;-3.947979212E-02;-5.273618348E-12; 1.850939393E-01
3710; 1.398397386E-01;-3.926182911E-02;-1.780704577E-11; 1.857255250E-01
3755; 1.411938965E-01;-3.904148191E-02; 1.085710341E-11; 1.893418729E-01
3804; 1.425501406E-01;-3.881577775E-02;-8.701692145E-12; 1.959828436E-01
3850; 1.439089328E-01;-3.858665004E-02;-5.686437432E-12; 2.036127448E-01
3894; 1.452706307E-01;-3.835779056E-02;-4.310309054E-12; 2.105106562E-01
3940; 1.466356218E-01;-3.813296184E-02; 2.651406872E-12; 2.153879851E-01
3982; 1.480070502E-01;-3.791552037E-02; 2.781330721E-11; 2.165244520E-01
4030; 1.493825912E-01;-3.770830482E-02;-4.435556089E-12; 2.151674628E-01
4070; 1.507618129E-01;-3.750886396E-02;-4.050065838E-12; 2.127624601E-01
4114; 1.521440148E-01;-3.731371835E-02;-1.996451615E-11; 2.111724317E-01
4156; 1.535288692E-01;-3.711930290E-02;-2.130727886E-11; 2.125697732E-01
4198; 1.549158394E-01;-3.692204133E-02; 2.587923625E-11; 2.171346247E-01
4241; 1.563045233E-01;-3.671999648E-02; 1.357846474E-11; 2.242891043E-01
4290; 1.576951742E-01;-3.651580215E-02; 5.704950401E-12; 2.322313935E-01
4334; 1.590883434E-01;-3.631288558E-02;-2.476174821E-11; 2.390921116E-01
4379; 1.604843587E-01;-3.611471504E-02; 1.908930999E-11; 2.430236936E-01
4422; 1.618835330E-01;-3.592475504E-02;-3.282794869E-11; 2.433124781E-01
4464; 1.632858813E-01;-3.574387729E-02;-1.412305169E-11; 2.412952632E-01
4506; 1.646911353E-01;-3.556943312E-02;-2.655470635E-11; 2.386670858E-01
4542; 1.660988182E-01;-3.539851308E-02; 1.583017051E-11; 2.376704812E-01
4587; 1.675085127E-01;-3.522819281E-02;-7.448678827E-12; 2.391364574E-01
4629; 1.689199358E-01;-3.505548090E-02;-7.590546247E-12; 2.437055409E-01
4671; 1.703328341E-01;-3.487836570E-02;-5.639374384E-12; 2.512545288E-01
4716; 1.717473119E-01;-3.469872847E-02;-7.164768778E-12; 2.595409453E-01
4762; 1.731636375E-01;-3.451943770E-02; 9.933505407E-12; 2.673479021E-01
4805; 1.745822430E-01;-3.434337303E-02;-7.947642544E-12; 2.728641927E-01
4844; 1.760033220E-01;-3.417345136E-02; 6.514927486E-13; 2.747231424E-01
4887; 1.774270386E-01;-3.401209414E-02; 2.588337183E-11; 2.731727660E-01
4933; 1.788530946E-01;-3.385812789E-02; 6.150410042E-12; 2.697035074E-01
4971; 1.802813262E-01;-3.370890021E-02;-1.435592964E-11; 2.669965029E-01
5006; 1.817113459E-01;-3.356175870E-02;-1.277492695E-11; 2.664513290E-01
5047; 1.831427962E-01;-3.341401368E-02;-1.675944106E-11; 2.689571381E-01
5090; 1.845754087E-01;-3.326309100E-02;-1.021775026E-11; 2.750360072E-01
5133; 1.860091984E-01;-3.310887516E-02;-6.716918688E-12; 2.827699482E-01
5170; 1.874442399E-01;-3.295371309E-02;-3.473700494E-12; 2.906272411E-01
5214; 1.888807565E-01;-3.280005604E-02;-2.401581017E-11; 2.971712649E-01
5256; 1.903190166E-01;-3.265035525E-02;-8.067851942E-12; 3.007063568E-01
5297; 1.917591989E-01;-3.250703588E-02; 5.620958560E-12; 3.010578156E-01
5341; 1.932012439E-01;-3.237082809E-02; 3.616343336E-12; 2.985026240E-01
5375; 1.946449429E-01;-3.224024922E-02;-1.413164377E-11; 2.953251898E-01
5412; 1.960902065E-01;-3.211365268E-02;-1.155298079E-12; 2.924739718E-01
5450; 1.975368261E-01;-3.198939934E-02; 8.257813704E-12; 2.907865644E-01
5486; 1.989845783E-01;-3.186583146E-02;-1.719720373E-11; 2.916266322E-01
5522; 2.004333884E-01;-3.174129501E-02; 1.174172738E-12; 2.946287394E-01
5560; 2.018830776E-01;-3.161412477E-02;-7.777292699E-12; 3.002570570E-01
5603; 2.033335418E-01;-3.148366511E-02; 1.203963838E-11; 3.078973889E-01
5642; 2.047848403E-01;-3.135130182E-02;-1.435762099E-12; 3.163429797E-01
5683; 2.062371373E-01;-3.121864609E-02; 8.621318937E-12; 3.243686557E-01
5726; 2.076905668E-01;-3.108731657E-02; 3.022262995E-12; 3.306945264E-01
5771; 2.091451734E-01;-3.095894307E-02;-1.297678978E-12; 3.348731399E-01
5808; 2.106010914E-01;-3.083517030E-02; 3.438281777E-12; 3.364196420E-01
5847; 2.120584399E-01;-3.071758151E-02;-5.899513517E-12; 3.351640105E-01
5878; 2.135171890E-01;-3.060634620E-02; 2.139946206E-12; 3.317322135E-01
5916; 2.149771005E-01;-3.050009720E-02; 4.822586774E-12; 3.278375864E-01
5954; 2.164380997E-01;-3.039737791E-02; 4.391946876E-12; 3.247830272E-01
5984; 2.179000676E-01;-3.029672429E-02; 3.853549424E-12; 3.232532442E-01
6016; 2.193628550E-01;-3.019667231E-02;-2.121343899E-12; 3.238086998E-01
6052; 2.208263427E-01;-3.009575419E-02;-3.832275643E-12; 3.263179362E-01
6091; 2.222904563E-01;-2.999251522E-02;-5.122265459E-12; 3.313076794E-01
6125; 2.237551063E-01;-2.988660149E-02; 9.242201622E-12; 3.388302922E-01
6167; 2.252203673E-01;-2.977921069E-02;-6.678912631E-12; 3.469884992E-01
6204; 2.266862839E-01;-2.967166714E-02; 3.055948723E-12; 3.546887338E-01
6242; 2.281529605E-01;-2.956528403E-02; 5.209064083E-12; 3.609098792E-01
6280; 2.296204716E-01;-2.946139127E-02;-5.258717073E-12; 3.647966087E-01
6315; 2.310888618E-01;-2.936132252E-02;-1.355695070E-12; 3.661920428E-01
6352; 2.325581610E-01;-2.926630341E-02; 3.612998789E-12; 3.646329641E-01
6385; 2.340283841E-01;-2.917624824E-02;-6.040480616E-13; 3.614934683E-01
6412; 2.354994118E-01;-2.909022942E-02; 6.488594384E-13; 3.581259847E-01
6448; 2.369711250E-01;-2.900729887E-02; 9.145045832E-13; 3.554629087E-01
6476; 2.384434938E-01;-2.892650850E-02;-1.057844090E-11; 3.529279530E-01
6511; 2.399164587E-01;-2.884690091E-02;-8.452209418E-12; 3.514090478E-01
6536; 2.413899302E-01;-2.876752429E-02; 1.586338699E-12; 3.522188365E-01
6575; 2.428638339E-01;-2.868741937E-02;-1.434534349E-12; 3.548004031E-01
6603; 2.443381548E-01;-2.860563062E-02; 3.176633869E-12; 3.595230281E-01
6639; 2.458127886E-01;-2.852145582E-02;-4.310271758E-12; 3.660558760E-01
6674; 2.472877949E-01;-2.843546122E-02; 5.506071727E-12; 3.732966483E-01
6707; 2.487631440E-01;-2.834859490E-02;-4.471264071E-12; 3.806122243E-01
6745; 2.502389550E-01;-2.826181240E-02; 2.329529365E-12; 3.876540363E-01
6778; 2.517152131E-01;-2.817605995E-02; 2.707524309E-12; 3.927932680E-01
6815; 2.531920373E-01;-2.809229493E-02; 2.489945533E-12; 3.956308365E-01
6850; 2.546693385E-01;-2.801147103E-02;-5.786213522E-13; 3.966427147E-01
6881; 2.561472952E-01;-2.793454565E-02; 2.066038313E-13; 3.952311873E-01
6915; 2.576258779E-01;-2.786231227E-02; 1.558891471E-12; 3.918995857E-01
6941; 2.591049671E-01;-2.779441699E-02;-1.266133032E-12; 3.869441748E-01
6970; 2.605846226E-01;-2.773003280E-02; 1.157428537E-12; 3.816011250E-01
6997; 2.620647252E-01;-2.766832896E-02;-1.292236283E-12; 3.770715594E-01
7023; 2.635452449E-01;-2.760846913E-02; 1.997721433E-12; 3.729008436E-01
7048; 2.650261819E-01;-2.754962258E-02;-1.482191540E-12; 3.696834445E-01
7078; 2.665074766E-01;-2.749095298E-02; 3.935199389E-12; 3.686648905E-01
7103; 2.679890692E-01;-2.743162215E-02;-3.718258340E-13; 3.690579832E-01
7133; 2.694709599E-01;-2.737079374E-02; 4.084817554E-12; 3.713709116E-01
7156; 2.709530294E-01;-2.730800025E-02;-2.434919670E-12; 3.756396174E-01
7189; 2.724353969E-01;-2.724380419E-02; 6.485669207E-13; 3.802808225E-01
7221; 2.739180326E-01;-2.717895433E-02; 8.785878925E-13; 3.847728670E-01
7253; 2.754009068E-01;-2.711418830E-02;-1.141102837E-12; 3.881379366E-01
7289; 2.768841088E-01;-2.705025673E-02; 4.988587668E-14; 3.902426064E-01
7315; 2.783676386E-01;-2.698790468E-02;-2.056286998E-12; 3.888356388E-01
7343; 2.798514366E-01;-2.692787722E-02;-2.424988379E-13; 3.876631558E-01
7372; 2.813356221E-01;-2.687092684E-02;-8.452189686E-13; 3.830739856E-01
7401; 2.828201354E-01;-2.681754529E-02;-2.015522081E-13; 3.763035536E-01
7422; 2.843049467E-01;-2.676739171E-02;-5.818956428E-14; 3.675567210E-01
7448; 2.857899964E-01;-2.671996318E-02;-9.989075539E-13; 3.590289652E-01
7473; 2.872753143E-01;-2.667474933E-02; 8.059252050E-13; 3.496632576E-01
7494; 2.887608409E-01;-2.663123794E-02; 1.174158427E-14; 3.401461244E-01
7513; 2.902466357E-01;-2.658892609E-02; 1.194363185E-12; 3.302378953E-01
7539; 2.917325795E-01;-2.654729225E-02; 8.608435145E-14; 3.216628432E-01
7559; 2.932187617E-01;-2.650583535E-02; 3.133883669E-13; 3.120634556E-01
7579; 2.947051525E-01;-2.646404319E-02; 7.009407161E-13; 3.028773665E-01
7607; 2.961916924E-01;-2.642139979E-02;-5.970238410E-13; 2.935613692E-01
7629; 2.976783514E-01;-2.637740225E-02; 3.337963586E-13; 2.829788029E-01
7650; 2.991651893E-01;-2.633184381E-02; 1.011309743E-12; 2.730948031E-01
7681; 3.006522059E-01;-2.628514916E-02; 2.110659737E-14; 2.602282763E-01
7702; 3.021394014E-01;-2.623782307E-02;-4.497427821E-13; 2.462736815E-01
7734; 3.036267757E-01;-2.619036846E-02;-8.317798490E-14; 2.285457700E-01
7756; 3.051143289E-01;-2.614329010E-02; 3.370669358E-13; 2.077681720E-01
7784; 3.066020906E-01;-2.609709091E-02;-1.703039099E-11; 1.824050993E-01
7809; 3.080900609E-01;-2.605227567E-02; 4.484911054E-11; 1.539128125E-01
7833; 3.095782101E-01;-2.600935102E-02;-2.307556923E-12; 1.232496500E-01
7858; 3.110665381E-01;-2.596881799E-02; 3.300712481E-11; 9.077677876E-02
7874; 3.125551045E-01;-2.593117207E-02; 2.331757010E-11; 5.888038874E-02
7897; 3.140438199E-01;-2.589647844E-02; 6.485512127E-11; 3.027621098E-02
7916; 3.155326843E-01;-2.586434968E-02; 4.721880525E-11; 9.913321584E-03
7937; 3.170216680E-01;-2.583437040E-02;-2.837033386E-11; 1.098320540E-02
103199; 3.185108006E-01;-2.580612712E-02; 5.333411082E-07; 1.947504468E-02
7968; 3.199999928E-01;-2.577920258E-02; 6.938893904E-17; 3.702086955E-02
7971; 3.203275204E-01;-2.577341720E-02;-2.402765487E-11; 3.270134702E-02
7976; 3.206550777E-01;-2.576767094E-02;-4.777435392E-11; 2.090382390E-02
7979; 3.209826052E-01;-2.576196007E-02;-7.128969637E-11; 2.345463820E-02
7987; 3.213101625E-01;-2.575628087E-02;-9.461031958E-11; 2.487499267E-02
7992; 3.216376901E-01;-2.575062588E-02;-1.177603293E-10; 2.638417482E-02
7996; 3.219652474E-01;-2.574499324E-02;-1.407515771E-10; 2.861908264E-02
7998; 3.222928047E-01;-2.573937736E-02;-1.635843683E-10; 3.004247323E-02
8004; 3.226203620E-01;-2.573377453E-02;-1.862479060E-10; 2.624456771E-02
8007; 3.229479492E-01;-2.572818100E-02;-2.087204715E-10; 2.000326477E-02
8013; 3.232755065E-01;-2.572259121E-02;-2.309705205E-10; 1.576230861E-02
8017; 3.236030936E-01;-2.571699955E-02;-2.529564336E-10; 9.258702397E-03
8020; 3.239306808E-01;-2.571127191E-02;-6.663392060E-09; 3.832908114E-03
8068; 3.281306624E-01;-2.563731000E-02;-4.334033132E-14; 2.515346929E-02
8070; 3.284530938E-01;-2.563129552E-02; 4.101507745E-10; 3.680665791E-02
8075; 3.287755251E-01;-2.562522143E-02; 4.101551876E-10; 5.087624490E-02
8080; 3.290979564E-01;-2.561909333E-02; 4.101615159E-10; 5.630263686E-02
8085; 3.294203877E-01;-2.561291493E-02; 4.101675666E-10; 5.730332062E-02
8091; 3.297428191E-01;-2.560668811E-02; 4.101719520E-10; 5.600620806E-02
8097; 3.300652802E-01;-2.560041845E-02; 4.101735063E-10; 5.432613567E-02
8099; 3.303877115E-01;-2.559410781E-02; 4.101720630E-10; 5.345998704E-02
8103; 3.307101727E-01;-2.558775991E-02; 4.101678441E-10; 5.236624926E-02
8110; 3.310326040E-01;-2.558138035E-02; 4.101617379E-10; 4.991658404E-02
8114; 3.313550651E-01;-2.557496913E-02; 4.101552986E-10; 4.836440086E-02
8118; 3.316775262E-01;-2.556853369E-02; 4.101506912E-10; 4.864661396E-02
8123; 3.319999874E-01;-2.556207590E-02; 1.942890293E-16; 4.334389418E-02
8138; 3.334878981E-01;-2.553209476E-02; 3.856139852E-10; 3.064178117E-02
8162; 3.349758983E-01;-2.550207451E-02; 3.763326872E-10; 4.929965734E-02
8183; 3.364639878E-01;-2.547237091E-02; 3.670472537E-10; 8.737234026E-02
8200; 3.379521668E-01;-2.544334158E-02; 3.577045882E-10; 7.588613033E-02
8210; 3.239306808E-01;-2.542786486E-02;-5.711478845E-09; 7.540981285E-03
8214; 3.394404352E-01;-2.541534044E-02;-4.672640053E-11; 3.994827718E-02
8232; 3.409287930E-01;-2.538872696E-02; 3.388243575E-10; 7.498711348E-02
8253; 3.281306624E-01;-2.536446787E-02;-3.705369345E-14; 3.425341100E-02
8255; 3.424172401E-01;-2.536385693E-02; 3.293445794E-10; 1.364367008E-01
8272; 3.439058065E-01;-2.534102090E-02; 3.199697174E-10; 2.156531960E-01
8287; 3.453944325E-01;-2.532020025E-02; 3.107948621E-10; 3.079552948E-01
8299; 3.468831182E-01;-2.530127950E-02;-9.324514771E-11; 2.946493030E-01
8311; 3.483718932E-01;-2.528414503E-02; 2.933882026E-10; 4.506586790E-01
8326; 3.498607278E-01;-2.526868507E-02; 2.854172731E-10; 8.508850336E-01
8335; 3.513495922E-01;-2.525478601E-02; 2.753113293E-10; 1.034572124E+00
8346; 3.528385460E-01;-2.524233423E-02; 2.641590835E-10; 9.359316230E-01
8349; 3.543275297E-01;-2.523121610E-02; 2.528463827E-10; 8.314844370E-01
8361; 3.558165431E-01;-2.522131801E-02; 2.420355583E-10; 1.034933090E+00
8368; 3.573056161E-01;-2.521252446E-02; 2.321449977E-10; 9.677883983E-01
8375; 3.587947488E-01;-2.520472556E-02; 2.233286472E-10; 4.708310962E-01
8378; 3.602839112E-01;-2.519780584E-02; 2.154556256E-10; 2.479982972E-01
8387; 3.617731035E-01;-2.519165166E-02; 2.080895317E-10; 2.501192093E-01
8390; 3.632623553E-01;-2.518614940E-02; 2.004681560E-10; 2.732354403E-01
8392; 3.647516370E-01;-2.518118545E-02; 1.788893755E-10; 2.287152112E-01
8395; 3.662409484E-01;-2.517664805E-02; 8.679079677E-11; 1.483756751E-01
8402; 3.677302897E-01;-2.517241985E-02;-5.989751750E-11; 1.985349804E-01
8403; 3.692196906E-01;-2.516838908E-02;-2.379914599E-10; 3.072714806E-01
8408; 3.707090914E-01;-2.516444400E-02;-4.278017385E-10; 2.984607816E-01
8413; 3.721985221E-01;-2.516046725E-02;-6.129720620E-10; 2.690280378E-01
8419; 3.736879528E-01;-2.515634894E-02;-7.803170887E-10; 2.729337215E-01
8424; 3.751774430E-01;-2.515197173E-02;-9.196605144E-10; 3.097407520E-01
8427; 3.766669333E-01;-2.514722385E-02;-1.023672258E-09; 3.901676834E-01
8429; 3.239306808E-01;-2.514445782E-02;-4.759565631E-09; 1.850581169E-02
8433; 3.781564236E-01;-2.514199167E-02;-1.087706480E-09; 4.702980816E-01
8435; 3.796459436E-01;-2.513616160E-02;-1.109638381E-09; 5.357146263E-01
8443; 3.811354637E-01;-2.512961812E-02;-1.089702550E-09; 5.774779320E-01
8450; 3.826250136E-01;-2.512224950E-02;-1.030329266E-09; 5.868702531E-01
8456; 3.841145337E-01;-2.511394210E-02;-9.359826247E-10; 5.911870003E-01
8465; 3.856040835E-01;-2.510457858E-02;-8.129973361E-10; 6.234079599E-01
8472; 3.870936334E-01;-2.509405091E-02;-6.694165222E-10; 6.694316864E-01
8474; 3.281306624E-01;-2.509162761E-02;-3.091971124E-14; 5.058857799E-02
8483; 3.885831535E-01;-2.508223988E-02;-5.148281801E-10; 7.011854649E-01
8491; 3.900726736E-01;-2.506903559E-02;-3.602028675E-10; 6.618884802E-01
8506; 3.915621936E-01;-2.505432256E-02;-2.177305419E-10; 5.580667257E-01
8523; 3.930517137E-01;-2.503798716E-02;-1.006577321E-10; 4.785091281E-01
8534; 3.945412040E-01;-2.501991577E-02;-2.312403047E-11; 4.475925267E-01
8598; 4.590629339E-01;-2.499999478E-02;-7.632783294E-17; 7.757130861E-01
8597; 4.575622380E-01;-2.499999478E-02;-8.326672685E-17; 7.746939659E-01
8596; 4.560615718E-01;-2.499999478E-02;-8.326672685E-17; 7.631650567E-01
8599; 4.605636001E-01;-2.499999478E-02;-8.326672685E-17; 7.603185773E-01
8595; 4.545609057E-01;-2.499999478E-02;-8.326672685E-17; 7.491232753E-01
8594; 4.530602396E-01;-2.499999478E-02;-8.326672685E-17; 7.319731712E-01
8600; 4.620642662E-01;-2.499999478E-02;-8.326672685E-17; 7.316075563E-01
8593; 4.515595734E-01;-2.499999478E-02;-9.714451465E-17; 7.082775235E-01
8601; 4.635649323E-01;-2.499999478E-02;-8.326672685E-17; 7.005345225E-01
8592; 4.500589073E-01;-2.499999478E-02;-9.714451465E-17; 6.789369583E-01
8602; 4.650655985E-01;-2.499999478E-02;-8.326672685E-17; 6.747819781E-01
8603; 4.665662646E-01;-2.499999478E-02;-8.326672685E-17; 6.521295905E-01
8591; 4.485582113E-01;-2.499999478E-02;-9.714451465E-17; 6.383676529E-01
8632; 5.100857615E-01;-2.499999478E-02;-5.551115123E-17; 6.301211715E-01
8633; 5.115864277E-01;-2.499999478E-02;-2.775557562E-17; 6.287222505E-01
8631; 5.085850358E-01;-2.499999478E-02;-6.245004514E-17; 6.273561120E-01
8804; 7.682011724E-01;-2.499999478E-02; 1.942890293E-16; 6.259478927E-01
8604; 4.680669606E-01;-2.499999478E-02;-8.326672685E-17; 6.250513792E-01
8803; 7.667005062E-01;-2.499999478E-02; 1.804112415E-16; 6.242333651E-01
8630; 5.070843697E-01;-2.499999478E-02;-5.551115123E-17; 6.229474545E-01
8634; 5.130870938E-01;-2.499999478E-02;-2.775557562E-17; 6.217786074E-01
8805; 7.697018385E-01;-2.499999478E-02; 1.942890293E-16; 6.205727458E-01
8629; 5.055837035E-01;-2.499999478E-02;-4.163336342E-17; 6.168633103E-01
8802; 7.651998401E-01;-2.499999478E-02; 1.942890293E-16; 6.164209843E-01
8635; 5.145877600E-01;-2.499999478E-02;-2.775557562E-17; 6.096135974E-01
8628; 5.040830374E-01;-2.499999478E-02;-4.163336342E-17; 6.067973375E-01
8806; 7.712025046E-01;-2.499999478E-02; 1.942890293E-16; 6.002755761E-01
8627; 5.025823712E-01;-2.499999478E-02;-4.163336342E-17; 5.916276574E-01
8636; 5.160884261E-01;-2.499999478E-02;-2.775557562E-17; 5.903074741E-01
8801; 7.636991143E-01;-2.499999478E-02; 1.942890293E-16; 5.898416638E-01
8605; 4.695676267E-01;-2.499999478E-02;-7.632783294E-17; 5.866909027E-01
8590; 4.470575452E-01;-2.499999478E-02;-1.040834086E-16; 5.826152563E-01
8626; 5.010817051E-01;-2.499999478E-02;-4.163336342E-17; 5.691045523E-01
8565; 4.095407724E-01;-2.499999478E-02;-1.249000903E-16; 5.677651167E-01
8807; 7.727031708E-01;-2.499999478E-02; 1.873501354E-16; 5.647266507E-01
8637; 5.175890923E-01;-2.499999478E-02;-2.775557562E-17; 5.627932549E-01
8564; 4.080401063E-01;-2.499999478E-02;-1.249000903E-16; 5.542258620E-01
8566; 4.110414386E-01;-2.499999478E-02;-1.249000903E-16; 5.521686077E-01
8625; 4.995810390E-01;-2.499999478E-02;-4.857225733E-17; 5.418242216E-01
8800; 7.621984482E-01;-2.499999478E-02; 1.873501354E-16; 5.356485844E-01
8606; 4.710682929E-01;-2.499999478E-02;-6.245004514E-17; 5.317057967E-01
8638; 5.190897584E-01;-2.499999478E-02;-4.163336342E-17; 5.298602581E-01
8791; 7.486924529E-01;-2.499999478E-02; 1.665334537E-16; 5.275409818E-01
8808; 7.742038369E-01;-2.499999478E-02; 1.942890293E-16; 5.230347514E-01
8792; 7.501931190E-01;-2.499999478E-02; 1.665334537E-16; 5.224878788E-01
8567; 4.125421047E-01;-2.499999478E-02;-1.318389842E-16; 5.198227167E-01
8589; 4.455568790E-01;-2.499999478E-02;-1.040834086E-16; 5.182288885E-01
8790; 7.471917868E-01;-2.499999478E-02; 1.665334537E-16; 5.162417293E-01
8572; 4.200454652E-01;-2.499999478E-02;-1.249000903E-16; 5.160208344E-01
8934; 9.632883668E-01;-2.499999478E-02; 3.747002708E-16; 5.141993761E-01
8624; 4.980803728E-01;-2.499999478E-02;-6.938893904E-17; 5.135650635E-01
8563; 4.065394402E-01;-2.499999478E-02;-1.249000903E-16; 5.105903745E-01
8933; 9.617877007E-01;-2.499999478E-02; 3.747002708E-16; 5.073826313E-01
8935; 9.647890329E-01;-2.499999478E-02; 3.747002708E-16; 5.037746429E-01
8573; 4.215461314E-01;-2.499999478E-02;-1.318389842E-16; 5.021803975E-01
8793; 7.516937852E-01;-2.499999478E-02; 1.665334537E-16; 4.995544255E-01
8571; 4.185447991E-01;-2.499999478E-02;-1.249000903E-16; 4.943889081E-01
8789; 7.456910610E-01;-2.499999478E-02; 1.665334537E-16; 4.936456680E-01
8936; 9.662897587E-01;-2.499999478E-02; 3.747002708E-16; 4.915964901E-01
8639; 5.205904245E-01;-2.499999478E-02;-2.775557562E-17; 4.911688268E-01
8809; 7.757045031E-01;-2.499999478E-02; 1.942890293E-16; 4.841101766E-01
8937; 9.677904248E-01;-2.499999478E-02; 3.747002708E-16; 4.811973274E-01
8623; 4.965797067E-01;-2.499999478E-02;-6.938893904E-17; 4.811123312E-01
8568; 4.140428007E-01;-2.499999478E-02;-1.318389842E-16; 4.800574780E-01
8668; 5.641099215E-01;-2.499999478E-02; 0.000000000E+00; 4.772984087E-01
8932; 9.602870345E-01;-2.499999478E-02; 3.608224830E-16; 4.719041586E-01
8799; 7.606977820E-01;-2.499999478E-02; 1.804112415E-16; 4.686634243E-01
8667; 5.626091957E-01;-2.499999478E-02; 0.000000000E+00; 4.673379660E-01
8794; 7.531944513E-01;-2.499999478E-02; 1.595945598E-16; 4.661228359E-01
8788; 7.441903949E-01;-2.499999478E-02; 1.665334537E-16; 4.661143422E-01
8607; 4.725689590E-01;-2.499999478E-02;-6.938893904E-17; 4.654762745E-01
8938; 9.692910910E-01;-2.499999478E-02; 3.747002708E-16; 4.648582637E-01
8562; 4.050387740E-01;-2.499999478E-02;-1.249000903E-16; 4.643236101E-01
8574; 4.230468273E-01;-2.499999478E-02;-1.318389842E-16; 4.608113468E-01
8570; 4.170441329E-01;-2.499999478E-02;-1.249000903E-16; 4.607108533E-01
8669; 5.656105876E-01;-2.499999478E-02; 0.000000000E+00; 4.592838585E-01
8588; 4.440562129E-01;-2.499999478E-02;-1.110223025E-16; 4.548915029E-01
8569; 4.155434668E-01;-2.499999478E-02;-1.249000903E-16; 4.518408477E-01
8640; 5.220910907E-01;-2.499999478E-02;-2.775557562E-17; 4.475219250E-01
8810; 7.772051692E-01;-2.499999478E-02; 1.942890293E-16; 4.469333291E-01
8622; 4.950790107E-01;-2.499999478E-02;-6.938893904E-17; 4.448336065E-01
8666; 5.611085296E-01;-2.499999478E-02; 0.000000000E+00; 4.428253472E-01
8561; 4.035380781E-01;-2.499999478E-02;-1.318389842E-16; 4.425665736E-01
8560; 4.020374119E-01;-2.499999478E-02;-1.387778781E-16; 4.394931197E-01
8939; 9.707917571E-01;-2.499999478E-02; 3.747002708E-16; 4.391562641E-01
8787; 7.426897287E-01;-2.499999478E-02; 1.595945598E-16; 4.388799667E-01
8795; 7.546951175E-01;-2.499999478E-02; 1.734723476E-16; 4.337194860E-01
8665; 5.596078634E-01;-2.499999478E-02; 0.000000000E+00; 4.224898517E-01
8559; 4.005367458E-01;-2.499999478E-02;-1.387778781E-16; 4.217261970E-01
8798; 7.591971159E-01;-2.499999478E-02; 1.942890293E-16; 4.185576439E-01
8670; 5.671112537E-01;-2.499999478E-02;-6.938893904E-18; 4.185188115E-01
8931; 9.587863684E-01;-2.499999478E-02; 3.747002708E-16; 4.170421660E-01
8575; 4.245474935E-01;-2.499999478E-02;-1.249000903E-16; 4.152404666E-01
8786; 7.411890626E-01;-2.499999478E-02; 1.526556659E-16; 4.140634239E-01
8664; 5.581071973E-01;-2.499999478E-02;-1.387778781E-17; 4.137044549E-01
8940; 9.722924232E-01;-2.499999478E-02; 3.747002708E-16; 4.119882584E-01
8663; 5.566065311E-01;-2.499999478E-02;-1.387778781E-17; 4.107883275E-01
8621; 4.935783446E-01;-2.499999478E-02;-6.938893904E-17; 4.104014635E-01
8608; 4.740696251E-01;-2.499999478E-02;-6.938893904E-17; 4.099467695E-01
8796; 7.561957836E-01;-2.499999478E-02; 1.942890293E-16; 4.093440771E-01
8662; 5.551058650E-01;-2.499999478E-02;-1.387778781E-17; 4.077491164E-01
8811; 7.787058353E-01;-2.499999478E-02; 1.942890293E-16; 4.068991542E-01
8554; 3.960306644E-01;-2.499999478E-02; 2.012279232E-16; 4.063114524E-01
8587; 4.425555468E-01;-2.499999478E-02;-1.110223025E-16; 4.057210982E-01
8768; 7.141770124E-01;-2.499999478E-02; 1.526556659E-16; 4.036969841E-01
8767; 7.126763463E-01;-2.499999478E-02; 1.387778781E-16; 4.027390182E-01
8661; 5.536051989E-01;-2.499999478E-02;-1.387778781E-17; 4.023077786E-01
8797; 7.576964498E-01;-2.499999478E-02; 1.804112415E-16; 4.007487893E-01
8641; 5.235917568E-01;-2.499999478E-02;-2.775557562E-17; 4.001888037E-01
8769; 7.156776786E-01;-2.499999478E-02; 1.387778781E-16; 3.995299935E-01
8660; 5.521045327E-01;-2.499999478E-02; 0.000000000E+00; 3.972671330E-01
8766; 7.111756802E-01;-2.499999478E-02; 1.387778781E-16; 3.951656520E-01
8770; 7.171783447E-01;-2.499999478E-02; 1.387778781E-16; 3.919622302E-01
8659; 5.506038666E-01;-2.499999478E-02;-6.938893904E-18; 3.910201490E-01
8555; 3.964058459E-01;-2.499999478E-02;-1.387778781E-16; 3.907620907E-01
8824; 7.982145548E-01;-2.499999478E-02; 2.081668171E-16; 3.900917768E-01
8785; 7.396883965E-01;-2.499999478E-02; 1.595945598E-16; 3.897693753E-01
8823; 7.967138886E-01;-2.499999478E-02; 2.081668171E-16; 3.893218338E-01
8941; 9.737930894E-01;-2.499999478E-02; 3.747002708E-16; 3.889743090E-01
8825; 7.997152209E-01;-2.499999478E-02; 2.081668171E-16; 3.869476318E-01
8576; 4.260481596E-01;-2.499999478E-02;-1.179611964E-16; 3.861627281E-01
8558; 3.990360796E-01;-2.499999478E-02;-1.387778781E-16; 3.849889040E-01
8771; 7.186790109E-01;-2.499999478E-02; 1.526556659E-16; 3.829455972E-01
8765; 7.096749544E-01;-2.499999478E-02; 1.457167720E-16; 3.817275167E-01
8609; 4.755702913E-01;-2.499999478E-02;-6.938893904E-17; 3.816102147E-01
8822; 7.952132225E-01;-2.499999478E-02; 2.081668171E-16; 3.807431757E-01
8620; 4.920776784E-01;-2.499999478E-02;-6.245004514E-17; 3.804155886E-01
8556; 3.967820108E-01;-2.499999478E-02;-1.387778781E-16; 3.801055551E-01
8826; 8.012158871E-01;-2.499999478E-02; 2.220446049E-16; 3.797381222E-01
8577; 4.275488257E-01;-2.499999478E-02;-1.179611964E-16; 3.793939650E-01
8658; 5.491032004E-01;-2.499999478E-02;-1.387778781E-17; 3.792492747E-01
8586; 4.410548806E-01;-2.499999478E-02;-1.110223025E-16; 3.786601126E-01
8671; 5.686119199E-01;-2.499999478E-02; 6.938893904E-18; 3.756335974E-01
8772; 7.201796770E-01;-2.499999478E-02; 1.457167720E-16; 3.742948472E-01
8610; 4.770709872E-01;-2.499999478E-02;-6.938893904E-17; 3.735044599E-01
8942; 9.752937555E-01;-2.499999478E-02; 3.747002708E-16; 3.686690032E-01
8578; 4.290494919E-01;-2.499999478E-02;-1.249000903E-16; 3.683003783E-01
8611; 4.785716534E-01;-2.499999478E-02;-6.938893904E-17; 3.671025336E-01
8764; 7.081742883E-01;-2.499999478E-02; 1.249000903E-16; 3.653588295E-01
8784; 7.381877303E-01;-2.499999478E-02; 1.526556659E-16; 3.650797606E-01
8812; 7.802065015E-01;-2.499999478E-02; 1.942890293E-16; 3.644497693E-01
8773; 7.216803432E-01;-2.499999478E-02; 1.457167720E-16; 3.643841743E-01
8585; 4.395541847E-01;-2.499999478E-02;-1.110223025E-16; 3.641307652E-01
8827; 8.027166128E-01;-2.499999478E-02; 2.220446049E-16; 3.637380004E-01
8557; 3.975354135E-01;-2.499999478E-02;-1.387778781E-16; 3.637170494E-01
8657; 5.476025343E-01;-2.499999478E-02;-1.387778781E-17; 3.626607358E-01
8930; 9.572857022E-01;-2.499999478E-02; 3.747002708E-16; 3.623415530E-01
8821; 7.937125564E-01;-2.499999478E-02; 2.151057110E-16; 3.610630035E-01
8612; 4.800723195E-01;-2.499999478E-02;-6.245004514E-17; 3.557547331E-01
8619; 4.905770123E-01;-2.499999478E-02;-6.245004514E-17; 3.547903895E-01
8774; 7.231810093E-01;-2.499999478E-02; 1.526556659E-16; 3.532637060E-01
8584; 4.380535185E-01;-2.499999478E-02;-9.714451465E-17; 3.517697453E-01
8943; 9.767944217E-01;-2.499999478E-02; 3.747002708E-16; 3.498297930E-01
8642; 5.250924230E-01;-2.499999478E-02;-2.775557562E-17; 3.491337597E-01
8763; 7.066736221E-01;-2.499999478E-02; 1.318389842E-16; 3.490327299E-01
8613; 4.815729856E-01;-2.499999478E-02;-6.245004514E-17; 3.447071910E-01
8775; 7.246816754E-01;-2.499999478E-02; 1.526556659E-16; 3.413938880E-01
8656; 5.461018682E-01;-2.499999478E-02;-1.387778781E-17; 3.408421576E-01
8783; 7.366870642E-01;-2.499999478E-02; 1.526556659E-16; 3.407314718E-01
8672; 5.701125860E-01;-2.499999478E-02; 0.000000000E+00; 3.379119635E-01
8944; 9.782950878E-01;-2.499999478E-02; 3.747002708E-16; 3.361557722E-01
8828; 8.042172790E-01;-2.499999478E-02; 2.151057110E-16; 3.360901475E-01
8583; 4.365528524E-01;-2.499999478E-02;-1.040834086E-16; 3.355045617E-01
8618; 4.890763462E-01;-2.499999478E-02;-6.938893904E-17; 3.354297578E-01
8614; 4.830736518E-01;-2.499999478E-02;-6.938893904E-17; 3.353722394E-01
8762; 7.051729560E-01;-2.499999478E-02; 1.249000903E-16; 3.337357640E-01
8820; 7.922118902E-01;-2.499999478E-02; 2.081668171E-16; 3.327028453E-01
8945; 9.797957540E-01;-2.499999478E-02; 3.747002708E-16; 3.276967704E-01
8579; 4.305501580E-01;-2.499999478E-02;-1.110223025E-16; 3.276512325E-01
8776; 7.261823416E-01;-2.499999478E-02; 1.526556659E-16; 3.268631697E-01
8615; 4.845743179E-01;-2.499999478E-02;-6.938893904E-17; 3.264814019E-01
8813; 7.817071676E-01;-2.499999478E-02; 2.081668171E-16; 3.255624175E-01
8617; 4.875756800E-01;-2.499999478E-02;-6.938893904E-17; 3.242594600E-01
8616; 4.860750139E-01;-2.499999478E-02;-6.938893904E-17; 3.214579225E-01
8929; 9.557850361E-01;-2.499999478E-02; 3.747002708E-16; 3.195102215E-01
8761; 7.036722898E-01;-2.499999478E-02; 1.249000903E-16; 3.188250363E-01
8782; 7.351863980E-01;-2.499999478E-02; 1.665334537E-16; 3.170003593E-01
8946; 9.812964201E-01;-2.499999478E-02; 3.747002708E-16; 3.169741333E-01
8655; 5.446011424E-01;-2.499999478E-02;-1.387778781E-17; 3.130491376E-01
8777; 7.276830077E-01;-2.499999478E-02; 1.526556659E-16; 3.113036156E-01
8582; 4.350521863E-01;-2.499999478E-02;-1.249000903E-16; 3.093142211E-01
8819; 7.907112241E-01;-2.499999478E-02; 2.081668171E-16; 3.032302558E-01
8829; 8.057179451E-01;-2.499999478E-02; 2.289834988E-16; 3.032131791E-01
8760; 7.021716237E-01;-2.499999478E-02; 1.387778781E-16; 3.029600680E-01
8643; 5.265930891E-01;-2.499999478E-02;-1.387778781E-17; 3.027781248E-01
8726; 6.511487961E-01;-2.499999478E-02; 8.326672685E-17; 3.021274209E-01
8673; 5.716132522E-01;-2.499999478E-02; 0.000000000E+00; 3.018453121E-01
8947; 9.827970862E-01;-2.499999478E-02; 3.747002708E-16; 3.010478020E-01
8725; 6.496481299E-01;-2.499999478E-02; 8.326672685E-17; 3.010071516E-01
8781; 7.336857319E-01;-2.499999478E-02; 1.595945598E-16; 2.989725769E-01
8778; 7.291837335E-01;-2.499999478E-02; 1.526556659E-16; 2.979641557E-01
8814; 7.832078338E-01;-2.499999478E-02; 2.012279232E-16; 2.966447473E-01
8780; 7.321850657E-01;-2.499999478E-02; 1.665334537E-16; 2.898516655E-01
8779; 7.306843996E-01;-2.499999478E-02; 1.526556659E-16; 2.895522714E-01
8928; 9.542843699E-01;-2.499999478E-02; 3.608224830E-16; 2.893423736E-01
8580; 4.320508540E-01;-2.499999478E-02;-1.249000903E-16; 2.869188786E-01
8724; 6.481474638E-01;-2.499999478E-02; 8.326672685E-17; 2.869162560E-01
8759; 7.006709576E-01;-2.499999478E-02; 1.387778781E-16; 2.866368294E-01
8727; 6.526494622E-01;-2.499999478E-02; 8.326672685E-17; 2.864142060E-01
8581; 4.335515201E-01;-2.499999478E-02;-1.110223025E-16; 2.844425738E-01
8850; 8.372319937E-01;-2.499999478E-02; 2.498001805E-16; 2.833935618E-01
8948; 9.842977524E-01;-2.499999478E-02; 3.747002708E-16; 2.833380103E-01
8654; 5.431004763E-01;-2.499999478E-02;-1.387778781E-17; 2.829780579E-01
8818; 7.892105579E-01;-2.499999478E-02; 2.081668171E-16; 2.810848057E-01
8837; 8.177232742E-01;-2.499999478E-02; 2.359223927E-16; 2.793433368E-01
8815; 7.847085595E-01;-2.499999478E-02; 2.012279232E-16; 2.792223990E-01
8838; 8.192239404E-01;-2.499999478E-02; 2.359223927E-16; 2.779093385E-01
8851; 8.387327194E-01;-2.499999478E-02; 2.636779683E-16; 2.769000530E-01
8836; 8.162226081E-01;-2.499999478E-02; 2.428612866E-16; 2.765214145E-01
8742; 6.751595736E-01;-2.499999478E-02; 1.110223025E-16; 2.760659158E-01
8741; 6.736589074E-01;-2.499999478E-02; 9.714451465E-17; 2.760358453E-01
8743; 6.766602397E-01;-2.499999478E-02; 1.110223025E-16; 2.750194669E-01
8830; 8.072186112E-01;-2.499999478E-02; 2.220446049E-16; 2.748636901E-01
8758; 6.991702914E-01;-2.499999478E-02; 1.318389842E-16; 2.735436857E-01
8849; 8.357313275E-01;-2.499999478E-02; 2.567390744E-16; 2.727987170E-01
8839; 8.207246661E-01;-2.499999478E-02; 2.359223927E-16; 2.727434933E-01
8674; 5.731139183E-01;-2.499999478E-02; 1.387778781E-17; 2.727220953E-01
8644; 5.280938148E-01;-2.499999478E-02;-1.387778781E-17; 2.717455924E-01
8816; 7.862092257E-01;-2.499999478E-02; 2.151057110E-16; 2.716106176E-01
8740; 6.721581817E-01;-2.499999478E-02; 9.714451465E-17; 2.712894082E-01
8817; 7.877098918E-01;-2.499999478E-02; 2.081668171E-16; 2.712844014E-01
8927; 9.527837038E-01;-2.499999478E-02; 3.608224830E-16; 2.710705101E-01
8835; 8.147219419E-01;-2.499999478E-02; 2.289834988E-16; 2.705399394E-01
8744; 6.781609058E-01;-2.499999478E-02; 1.110223025E-16; 2.705244124E-01
8723; 6.466467977E-01;-2.499999478E-02; 8.326672685E-17; 2.677862644E-01
8949; 9.857984781E-01;-2.499999478E-02; 3.747002708E-16; 2.668285668E-01
8757; 6.976696253E-01;-2.499999478E-02; 1.249000903E-16; 2.657765150E-01
8834; 8.132212758E-01;-2.499999478E-02; 2.151057110E-16; 2.639981210E-01
8707; 6.226360798E-01;-2.499999478E-02; 4.163336342E-17; 2.624037266E-01
8756; 6.961689591E-01;-2.499999478E-02; 1.387778781E-16; 2.620961070E-01
8745; 6.796615720E-01;-2.499999478E-02; 1.110223025E-16; 2.620025277E-01
8706; 6.211354136E-01;-2.499999478E-02; 4.163336342E-17; 2.615143955E-01
8755; 6.946682930E-01;-2.499999478E-02; 1.249000903E-16; 2.613525093E-01
8728; 6.541501284E-01;-2.499999478E-02; 8.326672685E-17; 2.611140311E-01
8840; 8.222253323E-01;-2.499999478E-02; 2.359223927E-16; 2.606900930E-01
8926; 9.512830377E-01;-2.499999478E-02; 3.608224830E-16; 2.605116069E-01
8708; 6.241367459E-01;-2.499999478E-02; 5.551115123E-17; 2.600478232E-01
8705; 6.196347475E-01;-2.499999478E-02; 5.551115123E-17; 2.594147027E-01
8754; 6.931676269E-01;-2.499999478E-02; 1.110223025E-16; 2.587747574E-01
8831; 8.087192774E-01;-2.499999478E-02; 2.220446049E-16; 2.583993971E-01
8833; 8.117206097E-01;-2.499999478E-02; 2.220446049E-16; 2.581713498E-01
8653; 5.415998101E-01;-2.499999478E-02;-1.387778781E-17; 2.578909397E-01
8645; 5.295944810E-01;-2.499999478E-02;-2.081668171E-17; 2.568643093E-01
8704; 6.181340218E-01;-2.499999478E-02; 4.857225733E-17; 2.561107874E-01
8950; 9.872991443E-01;-2.499999478E-02; 3.885780586E-16; 2.554498017E-01
8832; 8.102199435E-01;-2.499999478E-02; 2.220446049E-16; 2.548719347E-01
8848; 8.342306614E-01;-2.499999478E-02; 2.498001805E-16; 2.547402382E-01
8709; 6.256374121E-01;-2.499999478E-02; 6.938893904E-17; 2.545140684E-01
8675; 5.746145844E-01;-2.499999478E-02; 2.081668171E-17; 2.543376386E-01
8703; 6.166333556E-01;-2.499999478E-02; 4.163336342E-17; 2.521991730E-01
8739; 6.706575155E-01;-2.499999478E-02; 9.714451465E-17; 2.521331012E-01
8746; 6.811622381E-01;-2.499999478E-02; 1.110223025E-16; 2.517904043E-01
8753; 6.916669011E-01;-2.499999478E-02; 1.110223025E-16; 2.511545420E-01
8925; 9.497823715E-01;-2.499999478E-02; 3.469446952E-16; 2.510437965E-01
8722; 6.451461315E-01;-2.499999478E-02; 8.326672685E-17; 2.507957518E-01
8852; 8.402333856E-01;-2.499999478E-02; 2.636779683E-16; 2.506980002E-01
8646; 5.310951471E-01;-2.499999478E-02;-6.938893904E-18; 2.502853274E-01
8702; 6.151326895E-01;-2.499999478E-02; 4.163336342E-17; 2.483186424E-01
8951; 9.887998104E-01;-2.499999478E-02; 3.885780586E-16; 2.482467145E-01
8710; 6.271380782E-01;-2.499999478E-02; 6.938893904E-17; 2.473900169E-01
8701; 6.136320233E-01;-2.499999478E-02; 4.857225733E-17; 2.456220388E-01
8969; 1.015811920E+00;-2.499999478E-02; 4.163336342E-16; 2.453979999E-01
8841; 8.237259984E-01;-2.499999478E-02; 2.498001805E-16; 2.447298318E-01
8676; 5.761152506E-01;-2.499999478E-02; 1.387778781E-17; 2.446685880E-01
8970; 1.017312527E+00;-2.499999478E-02; 4.163336342E-16; 2.444709837E-01
8861; 8.537393808E-01;-2.499999478E-02; 2.706168623E-16; 2.443227917E-01
8700; 6.121313572E-01;-2.499999478E-02; 4.163336342E-17; 2.431012988E-01
8968; 1.014311194E+00;-2.499999478E-02; 4.163336342E-16; 2.425704747E-01
8647; 5.325958133E-01;-2.499999478E-02;-1.387778781E-17; 2.421884984E-01
8952; 9.903004766E-01;-2.499999478E-02; 3.885780586E-16; 2.419089228E-01
8924; 9.482817054E-01;-2.499999478E-02; 3.608224830E-16; 2.411555946E-01
8752; 6.901662350E-01;-2.499999478E-02; 1.179611964E-16; 2.410302609E-01
8747; 6.826629043E-01;-2.499999478E-02; 1.110223025E-16; 2.410246134E-01
8971; 1.018813252E+00;-2.499999478E-02; 4.163336342E-16; 2.409520298E-01
8718; 6.391434669E-01;-2.499999478E-02; 7.632783294E-17; 2.408148348E-01
8962; 1.005307198E+00;-2.499999478E-02; 4.024558464E-16; 2.407696396E-01
8721; 6.436454654E-01;-2.499999478E-02; 9.020562075E-17; 2.404908985E-01
8677; 5.776159167E-01;-2.499999478E-02; 1.387778781E-17; 2.401751578E-01
8652; 5.400991440E-01;-2.499999478E-02;-1.387778781E-17; 2.400844395E-01
8699; 6.106306911E-01;-2.499999478E-02; 4.163336342E-17; 2.400587052E-01
8711; 6.286387444E-01;-2.499999478E-02; 5.551115123E-17; 2.391760349E-01
8719; 6.406441331E-01;-2.499999478E-02; 8.326672685E-17; 2.391315699E-01
8963; 1.006807804E+00;-2.499999478E-02; 4.163336342E-16; 2.390167713E-01
8918; 9.392776489E-01;-2.499999478E-02; 3.469446952E-16; 2.389582396E-01
8978; 1.029317856E+00;-2.499999478E-02; 4.302114220E-16; 2.388256341E-01
8847; 8.327299953E-01;-2.499999478E-02; 2.498001805E-16; 2.387841344E-01
8967; 1.012810588E+00;-2.499999478E-02; 4.163336342E-16; 2.385452390E-01
8919; 9.407783151E-01;-2.499999478E-02; 3.400058013E-16; 2.383527160E-01
8979; 1.030818582E+00;-2.499999478E-02; 4.302114220E-16; 2.381459624E-01
8717; 6.376428008E-01;-2.499999478E-02; 7.632783294E-17; 2.380946577E-01
8961; 1.003806472E+00;-2.499999478E-02; 4.024558464E-16; 2.379919440E-01
8729; 6.556508541E-01;-2.499999478E-02; 8.326672685E-17; 2.374514788E-01
8698; 6.091300249E-01;-2.499999478E-02; 5.551115123E-17; 2.372319400E-01
8720; 6.421447992E-01;-2.499999478E-02; 8.326672685E-17; 2.372110933E-01
8894; 9.032615423E-01;-2.499999478E-02; 3.053113318E-16; 2.367777824E-01
8977; 1.027817249E+00;-2.499999478E-02; 4.302114220E-16; 2.365186214E-01
8678; 5.791165829E-01;-2.499999478E-02; 1.387778781E-17; 2.364520133E-01
8953; 9.918011427E-01;-2.499999478E-02; 3.885780586E-16; 2.362767905E-01
8860; 8.522387147E-01;-2.499999478E-02; 2.636779683E-16; 2.362543195E-01
8972; 1.020313859E+00;-2.499999478E-02; 4.163336342E-16; 2.358789891E-01
8964; 1.008308530E+00;-2.499999478E-02; 4.024558464E-16; 2.356905937E-01
8980; 1.032319307E+00;-2.499999478E-02; 4.302114220E-16; 2.356049865E-01
8895; 9.047622085E-01;-2.499999478E-02; 3.191891196E-16; 2.351135910E-01
8966; 1.011309862E+00;-2.499999478E-02; 4.024558464E-16; 2.350819409E-01
9020; 1.092346072E+00;-2.499999478E-02; 4.857225733E-16; 2.346869856E-01
8920; 9.422789812E-01;-2.499999478E-02; 3.469446952E-16; 2.346181720E-01
8917; 9.377769828E-01;-2.499999478E-02; 3.330669074E-16; 2.346009761E-01
8965; 1.009809136E+00;-2.499999478E-02; 4.024558464E-16; 2.337726504E-01
8716; 6.361420751E-01;-2.499999478E-02; 6.938893904E-17; 2.336333692E-01
8712; 6.301394105E-01;-2.499999478E-02; 5.551115123E-17; 2.333042622E-01
8976; 1.026316524E+00;-2.499999478E-02; 4.302114220E-16; 2.327921987E-01
8697; 6.076293588E-01;-2.499999478E-02; 4.163336342E-17; 2.327277213E-01
8748; 6.841635704E-01;-2.499999478E-02; 1.110223025E-16; 2.327024490E-01
8923; 9.467809796E-01;-2.499999478E-02; 3.469446952E-16; 2.326572835E-01
8751; 6.886655688E-01;-2.499999478E-02; 1.110223025E-16; 2.324022502E-01
8893; 9.017608762E-01;-2.499999478E-02; 3.053113318E-16; 2.322952002E-01
8648; 5.340964794E-01;-2.499999478E-02;-1.387778781E-17; 2.320994437E-01
8842; 8.252266645E-01;-2.499999478E-02; 2.498001805E-16; 2.319908589E-01
8981; 1.033819914E+00;-2.499999478E-02; 4.302114220E-16; 2.314807773E-01
8679; 5.806172490E-01;-2.499999478E-02; 2.775557562E-17; 2.311997563E-01
8921; 9.437796474E-01;-2.499999478E-02; 3.469446952E-16; 2.310927957E-01
8713; 6.316400766E-01;-2.499999478E-02; 6.938893904E-17; 2.307107747E-01
8973; 1.021814585E+00;-2.499999478E-02; 4.163336342E-16; 2.305514812E-01
8715; 6.346414089E-01;-2.499999478E-02; 6.938893904E-17; 2.305088341E-01
8954; 9.933018088E-01;-2.499999478E-02; 3.885780586E-16; 2.302469015E-01
8960; 1.002305865E+00;-2.499999478E-02; 4.024558464E-16; 2.300173044E-01
8975; 1.024815917E+00;-2.499999478E-02; 4.302114220E-16; 2.296288759E-01
8714; 6.331407428E-01;-2.499999478E-02; 6.938893904E-17; 2.295476049E-01
8922; 9.452803135E-01;-2.499999478E-02; 3.469446952E-16; 2.295305580E-01
8651; 5.385984778E-01;-2.499999478E-02;-1.387778781E-17; 2.294875085E-01
8749; 6.856642365E-01;-2.499999478E-02; 1.110223025E-16; 2.290409654E-01
9019; 1.090845466E+00;-2.499999478E-02; 4.787836794E-16; 2.287348062E-01
8750; 6.871649027E-01;-2.499999478E-02; 1.040834086E-16; 2.287219912E-01
9021; 1.093846798E+00;-2.499999478E-02; 4.857225733E-16; 2.287001461E-01
8974; 1.023315191E+00;-2.499999478E-02; 4.163336342E-16; 2.283191383E-01
8846; 8.312293291E-01;-2.499999478E-02; 2.359223927E-16; 2.273038179E-01
8896; 9.062628746E-01;-2.499999478E-02; 3.122502257E-16; 2.270327210E-01
8982; 1.035320640E+00;-2.499999478E-02; 4.302114220E-16; 2.263008952E-01
8649; 5.355971456E-01;-2.499999478E-02;-1.387778781E-17; 2.262229025E-01
8684; 5.881206393E-01;-2.499999478E-02; 3.469446952E-17; 2.258437872E-01
8650; 5.370978117E-01;-2.499999478E-02;-1.387778781E-17; 2.255578488E-01
8680; 5.821179748E-01;-2.499999478E-02; 2.775557562E-17; 2.253065258E-01
8696; 6.061286926E-01;-2.499999478E-02; 4.163336342E-17; 2.252849787E-01
8683; 5.866199732E-01;-2.499999478E-02; 2.775557562E-17; 2.250636518E-01
8843; 8.267273307E-01;-2.499999478E-02; 2.359223927E-16; 2.242577225E-01
8916; 9.362763166E-01;-2.499999478E-02; 3.330669074E-16; 2.240080684E-01
8892; 9.002602100E-01;-2.499999478E-02; 3.053113318E-16; 2.227573395E-01
8682; 5.851193070E-01;-2.499999478E-02; 2.775557562E-17; 2.224994302E-01
8955; 9.948024750E-01;-2.499999478E-02; 3.885780586E-16; 2.224612832E-01
8983; 1.036821246E+00;-2.499999478E-02; 4.302114220E-16; 2.224250734E-01
8685; 5.896213055E-01;-2.499999478E-02; 2.775557562E-17; 2.219980061E-01
8681; 5.836186409E-01;-2.499999478E-02; 2.775557562E-17; 2.217730731E-01
8845; 8.297286630E-01;-2.499999478E-02; 2.498001805E-16; 2.209395617E-01
8984; 1.038321972E+00;-2.499999478E-02; 4.302114220E-16; 2.208475918E-01
8844; 8.282279968E-01;-2.499999478E-02; 2.498001805E-16; 2.203796655E-01
8985; 1.039822578E+00;-2.499999478E-02; 4.302114220E-16; 2.201510221E-01
8730; 6.571515203E-01;-2.499999478E-02; 9.714451465E-17; 2.197327167E-01
8959; 1.000805140E+00;-2.499999478E-02; 3.885780586E-16; 2.196042836E-01
8986; 1.041323304E+00;-2.499999478E-02; 4.302114220E-16; 2.183863074E-01
8738; 6.691568494E-01;-2.499999478E-02; 9.714451465E-17; 2.168328017E-01
8853; 8.417340517E-01;-2.499999478E-02; 2.498001805E-16; 2.164283544E-01
8987; 1.042823911E+00;-2.499999478E-02; 4.302114220E-16; 2.153021395E-01
8695; 6.046280265E-01;-2.499999478E-02; 4.857225733E-17; 2.152674347E-01
8897; 9.077635407E-01;-2.499999478E-02; 3.191891196E-16; 2.151290774E-01
9018; 1.089344740E+00;-2.499999478E-02; 4.718447855E-16; 2.149184644E-01
8862; 8.552400470E-01;-2.499999478E-02; 2.636779683E-16; 2.147964537E-01
8686; 5.911219716E-01;-2.499999478E-02; 2.775557562E-17; 2.142683119E-01
8956; 9.963031411E-01;-2.499999478E-02; 3.885780586E-16; 2.132080197E-01
9022; 1.095347404E+00;-2.499999478E-02; 4.857225733E-16; 2.117076665E-01
8988; 1.044324636E+00;-2.499999478E-02; 4.302114220E-16; 2.110888213E-01
8958; 9.993044734E-01;-2.499999478E-02; 3.885780586E-16; 2.107911408E-01
8891; 8.987595439E-01;-2.499999478E-02; 3.122502257E-16; 2.105264217E-01
8915; 9.347756505E-01;-2.499999478E-02; 3.261280135E-16; 2.085052133E-01
8957; 9.978038073E-01;-2.499999478E-02; 3.885780586E-16; 2.078629285E-01
8731; 6.586521864E-01;-2.499999478E-02; 9.714451465E-17; 2.073642313E-01
8687; 5.926226377E-01;-2.499999478E-02; 4.163336342E-17; 2.064798325E-01
8694; 6.031273603E-01;-2.499999478E-02; 4.163336342E-17; 2.062324584E-01
8989; 1.045825243E+00;-2.499999478E-02; 4.302114220E-16; 2.060924023E-01
9008; 1.074338078E+00;-2.499999478E-02; 4.579669977E-16; 2.055435777E-01
8905; 9.197689295E-01;-2.499999478E-02; 3.191891196E-16; 2.050902247E-01
8906; 9.212695956E-01;-2.499999478E-02; 3.191891196E-16; 2.049899250E-01
8907; 9.227702618E-01;-2.499999478E-02; 3.122502257E-16; 2.038162053E-01
8904; 9.182682633E-01;-2.499999478E-02; 3.191891196E-16; 2.035892904E-01
9009; 1.075838685E+00;-2.499999478E-02; 4.649058916E-16; 2.033721507E-01
8898; 9.092642069E-01;-2.499999478E-02; 3.191891196E-16; 2.019403577E-01
8688; 5.941233039E-01;-2.499999478E-02; 3.469446952E-17; 2.017115653E-01
8908; 9.242709279E-01;-2.499999478E-02; 3.261280135E-16; 2.016821355E-01
8693; 6.016266942E-01;-2.499999478E-02; 4.163336342E-17; 2.016419619E-01
8732; 6.601528525E-01;-2.499999478E-02; 1.040834086E-16; 2.015476525E-01
8990; 1.047325969E+00;-2.499999478E-02; 4.302114220E-16; 2.012111098E-01
8733; 6.616535187E-01;-2.499999478E-02; 9.714451465E-17; 2.009900063E-01
8692; 6.001259685E-01;-2.499999478E-02; 4.163336342E-17; 2.007114142E-01
8689; 5.956239700E-01;-2.499999478E-02; 4.163336342E-17; 2.004434764E-01
8691; 5.986253023E-01;-2.499999478E-02; 4.163336342E-17; 2.003211975E-01
8690; 5.971246362E-01;-2.499999478E-02; 4.163336342E-17; 2.001173496E-01
9007; 1.072837353E+00;-2.499999478E-02; 4.579669977E-16; 1.994715035E-01
8734; 6.631541848E-01;-2.499999478E-02; 9.714451465E-17; 1.993283033E-01
8903; 9.167675972E-01;-2.499999478E-02; 3.191891196E-16; 1.990838945E-01
8890; 8.972588778E-01;-2.499999478E-02; 3.053113318E-16; 1.988781542E-01
8909; 9.257715940E-01;-2.499999478E-02; 3.330669074E-16; 1.980883628E-01
8991; 1.048826694E+00;-2.499999478E-02; 4.302114220E-16; 1.975986660E-01
9017; 1.087844133E+00;-2.499999478E-02; 4.718447855E-16; 1.968557686E-01
8992; 1.050327301E+00;-2.499999478E-02; 4.440892099E-16; 1.954520196E-01
9030; 1.107352853E+00;-2.499999478E-02; 4.857225733E-16; 1.952317953E-01
8859; 8.507380486E-01;-2.499999478E-02; 2.567390744E-16; 1.942493767E-01
8993; 1.051828027E+00;-2.499999478E-02; 4.440892099E-16; 1.938090026E-01
8914; 9.332749844E-01;-2.499999478E-02; 3.330669074E-16; 1.936416775E-01
9031; 1.108853459E+00;-2.499999478E-02; 4.857225733E-16; 1.935769022E-01
9010; 1.077339411E+00;-2.499999478E-02; 4.649058916E-16; 1.933724433E-01
8994; 1.053328633E+00;-2.499999478E-02; 4.440892099E-16; 1.927452087E-01
8735; 6.646548510E-01;-2.499999478E-02; 9.714451465E-17; 1.926558614E-01
8910; 9.272722602E-01;-2.499999478E-02; 3.330669074E-16; 1.925359815E-01
8872; 8.702467680E-01;-2.499999478E-02; 2.706168623E-16; 1.925039589E-01
8995; 1.054829359E+00;-2.499999478E-02; 4.440892099E-16; 1.921790242E-01
8996; 1.056329966E+00;-2.499999478E-02; 4.440892099E-16; 1.918126643E-01
8997; 1.057830691E+00;-2.499999478E-02; 4.440892099E-16; 1.917771548E-01
8998; 1.059331298E+00;-2.499999478E-02; 4.440892099E-16; 1.917581409E-01
8873; 8.717474341E-01;-2.499999478E-02; 2.775557562E-16; 1.917456686E-01
8999; 1.060832024E+00;-2.499999478E-02; 4.440892099E-16; 1.915933490E-01
8902; 9.152669311E-01;-2.499999478E-02; 3.122502257E-16; 1.913793683E-01
8885; 8.897554874E-01;-2.499999478E-02; 3.053113318E-16; 1.913557947E-01
9000; 1.062332630E+00;-2.499999478E-02; 4.440892099E-16; 1.909466684E-01
9023; 1.096848130E+00;-2.499999478E-02; 4.857225733E-16; 1.907210052E-01
8899; 9.107648730E-01;-2.499999478E-02; 3.191891196E-16; 1.906354278E-01
9029; 1.105852127E+00;-2.499999478E-02; 4.857225733E-16; 1.904296130E-01
9032; 1.110354185E+00;-2.499999478E-02; 4.787836794E-16; 1.899006218E-01
8889; 8.957582116E-01;-2.499999478E-02; 2.983724379E-16; 1.896492243E-01
8854; 8.432347178E-01;-2.499999478E-02; 2.498001805E-16; 1.895224452E-01
8871; 8.687461019E-01;-2.499999478E-02; 2.775557562E-16; 1.894931197E-01
9006; 1.071336746E+00;-2.499999478E-02; 4.579669977E-16; 1.889743954E-01
9001; 1.063833356E+00;-2.499999478E-02; 4.440892099E-16; 1.883553118E-01
8874; 8.732481003E-01;-2.499999478E-02; 2.844946501E-16; 1.882171333E-01
8886; 8.912561536E-01;-2.499999478E-02; 2.914335440E-16; 1.880202740E-01
8884; 8.882548213E-01;-2.499999478E-02; 2.914335440E-16; 1.879400164E-01
9036; 1.116356850E+00;-2.499999478E-02; 4.996003611E-16; 1.877044737E-01
9035; 1.114856124E+00;-2.499999478E-02; 5.134781489E-16; 1.873471439E-01
9033; 1.111854792E+00;-2.499999478E-02; 4.926614672E-16; 1.871842146E-01
8737; 6.676561832E-01;-2.499999478E-02; 9.714451465E-17; 1.870616674E-01
9037; 1.117857456E+00;-2.499999478E-02; 5.065392550E-16; 1.869950294E-01
9034; 1.113355517E+00;-2.499999478E-02; 5.065392550E-16; 1.864984781E-01
8911; 9.287729263E-01;-2.499999478E-02; 3.191891196E-16; 1.864338368E-01
9038; 1.119358182E+00;-2.499999478E-02; 5.065392550E-16; 1.859121025E-01
8901; 9.137662649E-01;-2.499999478E-02; 3.122502257E-16; 1.850006282E-01
9002; 1.065333962E+00;-2.499999478E-02; 4.579669977E-16; 1.848005503E-01
9039; 1.120858788E+00;-2.499999478E-02; 5.065392550E-16; 1.847302467E-01
8900; 9.122655988E-01;-2.499999478E-02; 3.191891196E-16; 1.844686121E-01
8913; 9.317743182E-01;-2.499999478E-02; 3.261280135E-16; 1.842254996E-01
8888; 8.942575455E-01;-2.499999478E-02; 3.053113318E-16; 1.842211634E-01
8887; 8.927568197E-01;-2.499999478E-02; 3.053113318E-16; 1.837673634E-01
8736; 6.661555171E-01;-2.499999478E-02; 1.040834086E-16; 1.829533130E-01
9040; 1.122359514E+00;-2.499999478E-02; 5.134781489E-16; 1.825452894E-01
8912; 9.302736521E-01;-2.499999478E-02; 3.191891196E-16; 1.824667305E-01
8870; 8.672454357E-01;-2.499999478E-02; 2.636779683E-16; 1.822219342E-01
9003; 1.066834688E+00;-2.499999478E-02; 4.579669977E-16; 1.821729541E-01
9005; 1.069836020E+00;-2.499999478E-02; 4.718447855E-16; 1.819299012E-01
9048; 1.134364843E+00;-2.499999478E-02; 5.273559367E-16; 1.816355437E-01
9047; 1.132864237E+00;-2.499999478E-02; 5.204170428E-16; 1.811369359E-01
9049; 1.135865569E+00;-2.499999478E-02; 4.996003611E-16; 1.810467839E-01
9004; 1.068335414E+00;-2.499999478E-02; 4.579669977E-16; 1.806267500E-01
9046; 1.131363511E+00;-2.499999478E-02; 5.065392550E-16; 1.804888695E-01
9041; 1.123860240E+00;-2.499999478E-02; 4.996003611E-16; 1.801069975E-01
8875; 8.747488260E-01;-2.499999478E-02; 2.775557562E-16; 1.800432354E-01
9045; 1.129862905E+00;-2.499999478E-02; 5.065392550E-16; 1.794421673E-01
9042; 1.125360847E+00;-2.499999478E-02; 5.065392550E-16; 1.790888309E-01
9028; 1.104351521E+00;-2.499999478E-02; 4.857225733E-16; 1.788478643E-01
9043; 1.126861572E+00;-2.499999478E-02; 5.134781489E-16; 1.787846386E-01
9050; 1.137366176E+00;-2.499999478E-02; 5.204170428E-16; 1.787741333E-01
9044; 1.128362179E+00;-2.499999478E-02; 4.996003611E-16; 1.786171198E-01
9016; 1.086343408E+00;-2.499999478E-02; 4.857225733E-16; 1.783686876E-01
9011; 1.078840017E+00;-2.499999478E-02; 4.718447855E-16; 1.776863784E-01
8883; 8.867541552E-01;-2.499999478E-02; 2.914335440E-16; 1.769741178E-01
9051; 1.138866901E+00;-2.499999478E-02; 5.204170428E-16; 1.762963682E-01
8869; 8.657447696E-01;-2.499999478E-02; 2.775557562E-16; 1.756831706E-01
8863; 8.567407727E-01;-2.499999478E-02; 2.636779683E-16; 1.756435484E-01
9052; 1.140367627E+00;-2.499999478E-02; 5.204170428E-16; 1.744323075E-01
8868; 8.642441034E-01;-2.499999478E-02; 2.636779683E-16; 1.737302095E-01
8867; 8.627434373E-01;-2.499999478E-02; 2.706168623E-16; 1.727449596E-01
9053; 1.141868234E+00;-2.499999478E-02; 5.273559367E-16; 1.722453982E-01
9054; 1.143368959E+00;-2.499999478E-02; 5.134781489E-16; 1.702603400E-01
9024; 1.098348737E+00;-2.499999478E-02; 4.857225733E-16; 1.702213138E-01
9055; 1.144869566E+00;-2.499999478E-02; 5.273559367E-16; 1.687981188E-01
9061; 1.153873563E+00;-2.499999478E-02; 5.412337245E-16; 1.678653210E-01
9060; 1.152372956E+00;-2.499999478E-02; 5.412337245E-16; 1.678250432E-01
9062; 1.155374289E+00;-2.499999478E-02; 5.412337245E-16; 1.676709205E-01
9056; 1.146370292E+00;-2.499999478E-02; 5.412337245E-16; 1.675886065E-01
9057; 1.147870898E+00;-2.499999478E-02; 5.412337245E-16; 1.672106981E-01
9059; 1.150872231E+00;-2.499999478E-02; 5.412337245E-16; 1.671271622E-01
9058; 1.149371624E+00;-2.499999478E-02; 5.412337245E-16; 1.668629050E-01
8866; 8.612427711E-01;-2.499999478E-02; 2.706168623E-16; 1.668472886E-01
9063; 1.156874895E+00;-2.499999478E-02; 5.412337245E-16; 1.668065637E-01
8876; 8.762494922E-01;-2.499999478E-02; 2.775557562E-16; 1.661193073E-01
9064; 1.158375621E+00;-2.499999478E-02; 5.412337245E-16; 1.652950943E-01
8855; 8.447353840E-01;-2.499999478E-02; 2.636779683E-16; 1.639014482E-01
9065; 1.159876347E+00;-2.499999478E-02; 5.412337245E-16; 1.632746607E-01
9027; 1.102850795E+00;-2.499999478E-02; 4.857225733E-16; 1.627204567E-01
9015; 1.084842682E+00;-2.499999478E-02; 4.787836794E-16; 1.625029445E-01
8882; 8.852534890E-01;-2.499999478E-02; 3.053113318E-16; 1.619484127E-01
9066; 1.161376953E+00;-2.499999478E-02; 5.412337245E-16; 1.607844532E-01
9012; 1.080340743E+00;-2.499999478E-02; 4.718447855E-16; 1.598522961E-01
9067; 1.162877679E+00;-2.499999478E-02; 5.273559367E-16; 1.577471644E-01
8865; 8.597421050E-01;-2.499999478E-02; 2.636779683E-16; 1.577261388E-01
9081; 1.183887005E+00;-2.499999478E-02; 5.551115123E-16; 1.568012685E-01
9082; 1.185387731E+00;-2.499999478E-02; 5.551115123E-16; 1.567761302E-01
9079; 1.180885673E+00;-2.499999478E-02; 5.551115123E-16; 1.566795260E-01
9080; 1.182386398E+00;-2.499999478E-02; 5.551115123E-16; 1.564085484E-01
9078; 1.179385066E+00;-2.499999478E-02; 5.551115123E-16; 1.563377827E-01
9083; 1.186888337E+00;-2.499999478E-02; 5.551115123E-16; 1.563223153E-01
9084; 1.188389063E+00;-2.499999478E-02; 5.551115123E-16; 1.560608447E-01
8864; 8.582414389E-01;-2.499999478E-02; 2.775557562E-16; 1.558494121E-01
9077; 1.177884340E+00;-2.499999478E-02; 5.620504062E-16; 1.554955691E-01
9085; 1.189889669E+00;-2.499999478E-02; 5.551115123E-16; 1.554876715E-01
9285; 1.490023971E+00;-2.499999478E-02; 8.326672685E-16; 1.551880836E-01
9286; 1.491524577E+00;-2.499999478E-02; 8.326672685E-16; 1.550735235E-01
9282; 1.485521913E+00;-2.499999478E-02; 8.118505868E-16; 1.550588012E-01
9283; 1.487022519E+00;-2.499999478E-02; 8.118505868E-16; 1.550392658E-01
9076; 1.176383615E+00;-2.499999478E-02; 5.412337245E-16; 1.549915373E-01
9284; 1.488523245E+00;-2.499999478E-02; 8.326672685E-16; 1.549433321E-01
9089; 1.195892453E+00;-2.499999478E-02; 5.689893001E-16; 1.549430341E-01
9281; 1.484021187E+00;-2.499999478E-02; 8.118505868E-16; 1.548954546E-01
9086; 1.191390395E+00;-2.499999478E-02; 5.551115123E-16; 1.548917741E-01
9280; 1.482520580E+00;-2.499999478E-02; 8.118505868E-16; 1.547917575E-01
9088; 1.194391727E+00;-2.499999478E-02; 5.551115123E-16; 1.547641307E-01
9278; 1.479519248E+00;-2.499999478E-02; 8.118505868E-16; 1.545971930E-01
9277; 1.478018522E+00;-2.499999478E-02; 8.118505868E-16; 1.545921266E-01
9287; 1.493025303E+00;-2.499999478E-02; 8.326672685E-16; 1.545715928E-01
9279; 1.481019855E+00;-2.499999478E-02; 8.118505868E-16; 1.545419544E-01
9101; 1.213900447E+00;-2.499999478E-02; 5.967448757E-16; 1.543248445E-01
9068; 1.164378285E+00;-2.499999478E-02; 5.342948306E-16; 1.543218344E-01
9075; 1.174883008E+00;-2.499999478E-02; 5.551115123E-16; 1.543072015E-01
9087; 1.192891002E+00;-2.499999478E-02; 5.551115123E-16; 1.542545408E-01
9179; 1.330952764E+00;-2.499999478E-02; 6.938893904E-16; 1.541022956E-01
9178; 1.329452157E+00;-2.499999478E-02; 6.869504965E-16; 1.540761888E-01
9100; 1.212399721E+00;-2.499999478E-02; 5.898059818E-16; 1.540552229E-01
9289; 1.495279312E+00;-2.499999478E-02; 8.326672685E-16; 1.540512741E-01
9288; 1.494525909E+00;-2.499999478E-02; 8.326672685E-16; 1.540506631E-01
9025; 1.099849463E+00;-2.499999478E-02; 4.857225733E-16; 1.540442556E-01
9176; 1.326450825E+00;-2.499999478E-02; 6.869504965E-16; 1.538636088E-01
9177; 1.327951431E+00;-2.499999478E-02; 6.869504965E-16; 1.538546383E-01
9276; 1.476517916E+00;-2.499999478E-02; 8.118505868E-16; 1.538041234E-01
9165; 1.309943438E+00;-2.499999478E-02; 6.661338148E-16; 1.537959427E-01
9099; 1.210899115E+00;-2.499999478E-02; 5.898059818E-16; 1.537036449E-01
9090; 1.197393060E+00;-2.499999478E-02; 5.759281940E-16; 1.536987871E-01
9181; 1.333954096E+00;-2.499999478E-02; 6.938893904E-16; 1.536933482E-01
9106; 1.221403837E+00;-2.499999478E-02; 5.967448757E-16; 1.536652744E-01
9102; 1.215401173E+00;-2.499999478E-02; 5.967448757E-16; 1.536134332E-01
9134; 1.263422608E+00;-2.499999478E-02; 6.383782392E-16; 1.535896510E-01
9174; 1.323449492E+00;-2.499999478E-02; 6.869504965E-16; 1.535612047E-01
9180; 1.332453489E+00;-2.499999478E-02; 7.008282843E-16; 1.535579860E-01
9290; 1.495655537E+00;-2.499999478E-02; 8.326672685E-16; 1.535461396E-01
9137; 1.267924666E+00;-2.499999478E-02; 6.383782392E-16; 1.535377353E-01
9257; 1.448005080E+00;-2.499999478E-02; 7.979727989E-16; 1.535163224E-01
9175; 1.324950099E+00;-2.499999478E-02; 6.800116026E-16; 1.535036266E-01
9105; 1.219903111E+00;-2.499999478E-02; 5.967448757E-16; 1.534874737E-01
9136; 1.266423941E+00;-2.499999478E-02; 6.383782392E-16; 1.534851938E-01
9182; 1.335454822E+00;-2.499999478E-02; 6.938893904E-16; 1.534611583E-01
9164; 1.308442712E+00;-2.499999478E-02; 6.661338148E-16; 1.534460038E-01
9258; 1.449505806E+00;-2.499999478E-02; 7.979727989E-16; 1.534443647E-01
9135; 1.264923215E+00;-2.499999478E-02; 6.245004514E-16; 1.534207016E-01
9104; 1.218402505E+00;-2.499999478E-02; 5.967448757E-16; 1.533965021E-01
9098; 1.209398389E+00;-2.499999478E-02; 5.828670879E-16; 1.533963531E-01
9091; 1.198893785E+00;-2.499999478E-02; 5.759281940E-16; 1.533612460E-01
9133; 1.261921883E+00;-2.499999478E-02; 6.383782392E-16; 1.533576995E-01
9107; 1.222904444E+00;-2.499999478E-02; 5.967448757E-16; 1.533219814E-01
9166; 1.311444044E+00;-2.499999478E-02; 6.661338148E-16; 1.533197612E-01
9109; 1.225905776E+00;-2.499999478E-02; 5.967448757E-16; 1.533183455E-01
9092; 1.200394392E+00;-2.499999478E-02; 5.828670879E-16; 1.532981098E-01
9110; 1.227406502E+00;-2.499999478E-02; 5.967448757E-16; 1.532689333E-01
9138; 1.269425273E+00;-2.499999478E-02; 6.383782392E-16; 1.532578766E-01
9103; 1.216901779E+00;-2.499999478E-02; 5.967448757E-16; 1.532471627E-01
9108; 1.224405169E+00;-2.499999478E-02; 5.967448757E-16; 1.532299966E-01
9261; 1.454007864E+00;-2.499999478E-02; 7.910339050E-16; 1.532189250E-01
9147; 1.282931328E+00;-2.499999478E-02; 6.453171331E-16; 1.531848907E-01
9275; 1.475017190E+00;-2.499999478E-02; 8.118505868E-16; 1.531693339E-01
9184; 1.338456154E+00;-2.499999478E-02; 7.077671782E-16; 1.531337351E-01
9094; 1.203395724E+00;-2.499999478E-02; 5.759281940E-16; 1.531201452E-01
9183; 1.336955428E+00;-2.499999478E-02; 7.077671782E-16; 1.531158239E-01
9256; 1.446504474E+00;-2.499999478E-02; 7.979727989E-16; 1.531151682E-01
9189; 1.345959544E+00;-2.499999478E-02; 7.077671782E-16; 1.530541033E-01
9173; 1.321948767E+00;-2.499999478E-02; 6.869504965E-16; 1.530518532E-01
9095; 1.204896450E+00;-2.499999478E-02; 5.759281940E-16; 1.530496031E-01
9097; 1.207897782E+00;-2.499999478E-02; 5.828670879E-16; 1.530459076E-01
9188; 1.344458818E+00;-2.499999478E-02; 7.077671782E-16; 1.530436724E-01
9269; 1.466013193E+00;-2.499999478E-02; 8.187894807E-16; 1.530323327E-01
9268; 1.464512467E+00;-2.499999478E-02; 8.187894807E-16; 1.530296803E-01
9093; 1.201895118E+00;-2.499999478E-02; 5.689893001E-16; 1.530262530E-01
9274; 1.473516583E+00;-2.499999478E-02; 8.118505868E-16; 1.530101001E-01
9262; 1.455508471E+00;-2.499999478E-02; 7.910339050E-16; 1.530081481E-01
9264; 1.458509803E+00;-2.499999478E-02; 8.187894807E-16; 1.530025750E-01
9074; 1.173382282E+00;-2.499999478E-02; 5.342948306E-16; 1.529970616E-01
9150; 1.287433386E+00;-2.499999478E-02; 6.522560270E-16; 1.529938132E-01
9265; 1.460010529E+00;-2.499999478E-02; 8.187894807E-16; 1.529832035E-01
9255; 1.445003748E+00;-2.499999478E-02; 7.979727989E-16; 1.529777497E-01
9111; 1.228907108E+00;-2.499999478E-02; 5.967448757E-16; 1.529643536E-01
9148; 1.284431934E+00;-2.499999478E-02; 6.453171331E-16; 1.529503316E-01
9233; 1.411988974E+00;-2.499999478E-02; 7.563394355E-16; 1.529300064E-01
9260; 1.452507138E+00;-2.499999478E-02; 7.979727989E-16; 1.529296488E-01
9121; 1.243913889E+00;-2.499999478E-02; 6.175615574E-16; 1.529226899E-01
9270; 1.467513800E+00;-2.499999478E-02; 8.187894807E-16; 1.529155523E-01
9267; 1.463011861E+00;-2.499999478E-02; 8.187894807E-16; 1.529020369E-01
9234; 1.413489699E+00;-2.499999478E-02; 7.563394355E-16; 1.528901905E-01
9124; 1.248415828E+00;-2.499999478E-02; 6.106226635E-16; 1.528809518E-01
9259; 1.451006532E+00;-2.499999478E-02; 7.979727989E-16; 1.528809369E-01
9230; 1.407487035E+00;-2.499999478E-02; 7.563394355E-16; 1.528768241E-01
9271; 1.469014525E+00;-2.499999478E-02; 8.187894807E-16; 1.528628320E-01
9266; 1.461511135E+00;-2.499999478E-02; 8.049116929E-16; 1.528598666E-01
9096; 1.206397057E+00;-2.499999478E-02; 5.759281940E-16; 1.528418362E-01
9187; 1.342958212E+00;-2.499999478E-02; 7.077671782E-16; 1.528226435E-01
9163; 1.306942105E+00;-2.499999478E-02; 6.661338148E-16; 1.528224498E-01
9190; 1.347460151E+00;-2.499999478E-02; 7.077671782E-16; 1.528078467E-01
9167; 1.312944770E+00;-2.499999478E-02; 6.661338148E-16; 1.528051645E-01
9291; 1.496030688E+00;-2.499999478E-02; 6.938893904E-16; 1.527971029E-01
9185; 1.339956760E+00;-2.499999478E-02; 7.077671782E-16; 1.527940482E-01
9263; 1.457009196E+00;-2.499999478E-02; 8.187894807E-16; 1.527935416E-01
9235; 1.414990425E+00;-2.499999478E-02; 7.563394355E-16; 1.527930349E-01
9139; 1.270925999E+00;-2.499999478E-02; 6.383782392E-16; 1.527914852E-01
9132; 1.260421276E+00;-2.499999478E-02; 6.383782392E-16; 1.527755708E-01
9232; 1.410488367E+00;-2.499999478E-02; 7.563394355E-16; 1.527720094E-01
9125; 1.249916553E+00;-2.499999478E-02; 6.106226635E-16; 1.527373493E-01
9273; 1.472015858E+00;-2.499999478E-02; 8.118505868E-16; 1.527341008E-01
9231; 1.408987641E+00;-2.499999478E-02; 7.632783294E-16; 1.526927799E-01
9123; 1.246915221E+00;-2.499999478E-02; 6.106226635E-16; 1.526921988E-01
9151; 1.288933992E+00;-2.499999478E-02; 6.383782392E-16; 1.526811570E-01
9112; 1.230407834E+00;-2.499999478E-02; 5.898059818E-16; 1.526518315E-01
9191; 1.348960876E+00;-2.499999478E-02; 7.077671782E-16; 1.526470929E-01
9272; 1.470515251E+00;-2.499999478E-02; 8.118505868E-16; 1.526392996E-01
9254; 1.443503141E+00;-2.499999478E-02; 7.979727989E-16; 1.526082605E-01
9126; 1.251417279E+00;-2.499999478E-02; 6.106226635E-16; 1.525966674E-01
9186; 1.341457486E+00;-2.499999478E-02; 7.077671782E-16; 1.525801718E-01
9140; 1.272426605E+00;-2.499999478E-02; 6.522560270E-16; 1.525779217E-01
9120; 1.242413163E+00;-2.499999478E-02; 6.175615574E-16; 1.525743604E-01
9149; 1.285932660E+00;-2.499999478E-02; 6.453171331E-16; 1.525033116E-01
9141; 1.273927331E+00;-2.499999478E-02; 6.522560270E-16; 1.524820924E-01
9122; 1.245414495E+00;-2.499999478E-02; 6.175615574E-16; 1.524778903E-01
9229; 1.405986309E+00;-2.499999478E-02; 7.563394355E-16; 1.524678171E-01
9146; 1.281430602E+00;-2.499999478E-02; 6.383782392E-16; 1.524630636E-01
9069; 1.165879011E+00;-2.499999478E-02; 5.342948306E-16; 1.524462402E-01
9142; 1.275427938E+00;-2.499999478E-02; 6.522560270E-16; 1.524409354E-01
9131; 1.258920550E+00;-2.499999478E-02; 6.106226635E-16; 1.524397135E-01
9145; 1.279929996E+00;-2.499999478E-02; 6.522560270E-16; 1.523991376E-01
9168; 1.314445376E+00;-2.499999478E-02; 6.661338148E-16; 1.523896009E-01
9127; 1.252917886E+00;-2.499999478E-02; 6.106226635E-16; 1.523761600E-01
9227; 1.402984977E+00;-2.499999478E-02; 7.494005416E-16; 1.523426175E-01
9143; 1.276928663E+00;-2.499999478E-02; 6.522560270E-16; 1.523136944E-01
9144; 1.278429270E+00;-2.499999478E-02; 6.522560270E-16; 1.523122638E-01
9238; 1.419492364E+00;-2.499999478E-02; 7.632783294E-16; 1.523071975E-01
9118; 1.239411831E+00;-2.499999478E-02; 6.036837696E-16; 1.523053348E-01
9172; 1.320448041E+00;-2.499999478E-02; 6.869504965E-16; 1.523045897E-01
9119; 1.240912557E+00;-2.499999478E-02; 6.106226635E-16; 1.522117555E-01
9226; 1.401484370E+00;-2.499999478E-02; 7.494005416E-16; 1.521868706E-01
9128; 1.254418612E+00;-2.499999478E-02; 6.245004514E-16; 1.521780640E-01
9228; 1.404485703E+00;-2.499999478E-02; 7.563394355E-16; 1.521717012E-01
9236; 1.416491032E+00;-2.499999478E-02; 7.563394355E-16; 1.521462053E-01
9171; 1.318947434E+00;-2.499999478E-02; 6.869504965E-16; 1.521392465E-01
9239; 1.420993090E+00;-2.499999478E-02; 7.632783294E-16; 1.521047801E-01
9130; 1.257419944E+00;-2.499999478E-02; 6.106226635E-16; 1.521034688E-01
9237; 1.417991757E+00;-2.499999478E-02; 7.702172233E-16; 1.520838439E-01
9169; 1.315946102E+00;-2.499999478E-02; 6.730727087E-16; 1.520607919E-01
9152; 1.290434718E+00;-2.499999478E-02; 6.453171331E-16; 1.520370096E-01
9073; 1.171881676E+00;-2.499999478E-02; 5.481726184E-16; 1.520312577E-01
9192; 1.350461483E+00;-2.499999478E-02; 7.008282843E-16; 1.520214975E-01
9170; 1.317446709E+00;-2.499999478E-02; 6.938893904E-16; 1.520127207E-01
9129; 1.255919218E+00;-2.499999478E-02; 6.106226635E-16; 1.519967169E-01
9162; 1.305441380E+00;-2.499999478E-02; 6.661338148E-16; 1.519965380E-01
9113; 1.231908560E+00;-2.499999478E-02; 5.898059818E-16; 1.519749314E-01
9253; 1.442002416E+00;-2.499999478E-02; 7.840950111E-16; 1.518702507E-01
9240; 1.422493696E+00;-2.499999478E-02; 7.632783294E-16; 1.518285871E-01
9117; 1.237911224E+00;-2.499999478E-02; 6.036837696E-16; 1.517703384E-01
9153; 1.291935325E+00;-2.499999478E-02; 6.453171331E-16; 1.517196596E-01
8877; 8.777501583E-01;-2.499999478E-02; 2.775557562E-16; 1.516604573E-01
9225; 1.399983644E+00;-2.499999478E-02; 7.563394355E-16; 1.515936106E-01
9070; 1.167379618E+00;-2.499999478E-02; 5.412337245E-16; 1.515926421E-01
9154; 1.293436050E+00;-2.499999478E-02; 6.453171331E-16; 1.515709013E-01
9072; 1.170380950E+00;-2.499999478E-02; 5.273559367E-16; 1.515346617E-01
9242; 1.425495028E+00;-2.499999478E-02; 7.771561172E-16; 1.514993161E-01
9241; 1.423994422E+00;-2.499999478E-02; 7.632783294E-16; 1.514827609E-01
9223; 1.396982312E+00;-2.499999478E-02; 7.424616477E-16; 1.514378935E-01
9193; 1.351962209E+00;-2.499999478E-02; 7.008282843E-16; 1.513764560E-01
9116; 1.236410499E+00;-2.499999478E-02; 5.898059818E-16; 1.513587683E-01
9224; 1.398483038E+00;-2.499999478E-02; 7.424616477E-16; 1.513173431E-01
9114; 1.233409166E+00;-2.499999478E-02; 5.967448757E-16; 1.512846351E-01
9115; 1.234909892E+00;-2.499999478E-02; 6.036837696E-16; 1.512480825E-01
9194; 1.353462815E+00;-2.499999478E-02; 7.077671782E-16; 1.511667371E-01
9243; 1.426995754E+00;-2.499999478E-02; 7.771561172E-16; 1.511191130E-01
9222; 1.395481586E+00;-2.499999478E-02; 7.563394355E-16; 1.510494947E-01
9212; 1.380474925E+00;-2.499999478E-02; 7.355227538E-16; 1.510061026E-01
9071; 1.168880343E+00;-2.499999478E-02; 5.412337245E-16; 1.509659886E-01
9026; 1.101350069E+00;-2.499999478E-02; 4.857225733E-16; 1.508719176E-01
9252; 1.440501809E+00;-2.499999478E-02; 7.840950111E-16; 1.508707106E-01
9161; 1.303940654E+00;-2.499999478E-02; 6.661338148E-16; 1.508681476E-01
9213; 1.381975651E+00;-2.499999478E-02; 7.494005416E-16; 1.508483291E-01
9218; 1.389478922E+00;-2.499999478E-02; 7.424616477E-16; 1.508003622E-01
9219; 1.390979648E+00;-2.499999478E-02; 7.424616477E-16; 1.507829428E-01
9155; 1.294936657E+00;-2.499999478E-02; 6.522560270E-16; 1.507531554E-01
9221; 1.393980980E+00;-2.499999478E-02; 7.563394355E-16; 1.506769359E-01
9211; 1.378974319E+00;-2.499999478E-02; 7.216449660E-16; 1.506511569E-01
9220; 1.392480254E+00;-2.499999478E-02; 7.424616477E-16; 1.506453604E-01
9244; 1.428496361E+00;-2.499999478E-02; 7.771561172E-16; 1.506055743E-01
9214; 1.383476257E+00;-2.499999478E-02; 7.494005416E-16; 1.505995095E-01
9215; 1.384976983E+00;-2.499999478E-02; 7.424616477E-16; 1.505544633E-01
9251; 1.439001083E+00;-2.499999478E-02; 7.840950111E-16; 1.505343020E-01
9014; 1.083342075E+00;-2.499999478E-02; 4.787836794E-16; 1.504622400E-01
9217; 1.387978315E+00;-2.499999478E-02; 7.494005416E-16; 1.504335999E-01
9250; 1.437500477E+00;-2.499999478E-02; 7.979727989E-16; 1.504292935E-01
9245; 1.429997087E+00;-2.499999478E-02; 7.771561172E-16; 1.504179090E-01
9216; 1.386477590E+00;-2.499999478E-02; 7.424616477E-16; 1.503946781E-01
9160; 1.302440047E+00;-2.499999478E-02; 6.661338148E-16; 1.503657997E-01
9195; 1.354963541E+00;-2.499999478E-02; 7.008282843E-16; 1.502283961E-01
9246; 1.431497693E+00;-2.499999478E-02; 7.771561172E-16; 1.499988437E-01
9159; 1.300939322E+00;-2.499999478E-02; 6.661338148E-16; 1.499458849E-01
9210; 1.377473593E+00;-2.499999478E-02; 7.216449660E-16; 1.499455869E-01
9249; 1.435999751E+00;-2.499999478E-02; 7.771561172E-16; 1.499161124E-01
9247; 1.432998419E+00;-2.499999478E-02; 7.771561172E-16; 1.497617066E-01
9248; 1.434499145E+00;-2.499999478E-02; 7.771561172E-16; 1.497272402E-01
9196; 1.356464148E+00;-2.499999478E-02; 7.008282843E-16; 1.497081965E-01
9197; 1.357964873E+00;-2.499999478E-02; 7.008282843E-16; 1.495495290E-01
9158; 1.299438715E+00;-2.499999478E-02; 6.661338148E-16; 1.494501233E-01
9156; 1.296437383E+00;-2.499999478E-02; 6.453171331E-16; 1.493333429E-01
9200; 1.362466931E+00;-2.499999478E-02; 7.285838599E-16; 1.492451727E-01
9157; 1.297937989E+00;-2.499999478E-02; 6.591949209E-16; 1.489871442E-01
9209; 1.375972867E+00;-2.499999478E-02; 7.216449660E-16; 1.489266753E-01
9201; 1.363967538E+00;-2.499999478E-02; 7.285838599E-16; 1.487607956E-01
9198; 1.359465599E+00;-2.499999478E-02; 7.008282843E-16; 1.487577409E-01
9199; 1.360966206E+00;-2.499999478E-02; 7.008282843E-16; 1.486881226E-01
9203; 1.366968870E+00;-2.499999478E-02; 7.355227538E-16; 1.486743838E-01
8881; 8.837528229E-01;-2.499999478E-02; 3.053113318E-16; 1.485134512E-01
9202; 1.365468264E+00;-2.499999478E-02; 7.147060721E-16; 1.482777297E-01
9208; 1.374472260E+00;-2.499999478E-02; 7.216449660E-16; 1.482079327E-01
9013; 1.081841350E+00;-2.499999478E-02; 4.718447855E-16; 1.481651664E-01
9204; 1.368469596E+00;-2.499999478E-02; 7.216449660E-16; 1.481257677E-01
9207; 1.372971535E+00;-2.499999478E-02; 7.216449660E-16; 1.471067518E-01
9205; 1.369970202E+00;-2.499999478E-02; 7.216449660E-16; 1.467512548E-01
9206; 1.371470928E+00;-2.499999478E-02; 7.216449660E-16; 1.461617053E-01
8858; 8.492373824E-01;-2.499999478E-02; 2.636779683E-16; 1.436769515E-01
8878; 8.792508245E-01;-2.499999478E-02; 2.914335440E-16; 1.415836960E-01
8880; 8.822521567E-01;-2.499999478E-02; 2.914335440E-16; 1.398851424E-01
8879; 8.807514906E-01;-2.499999478E-02; 2.914335440E-16; 1.371817589E-01
8856; 8.462360501E-01;-2.499999478E-02; 2.636779683E-16; 1.333985478E-01
8857; 8.477367163E-01;-2.499999478E-02; 2.636779683E-16; 1.186380535E-01
9411; 3.239306808E-01;-2.486105077E-02;-3.807652416E-09; 2.698223852E-02
10191; 3.281306624E-01;-2.481878735E-02;-2.484124018E-14; 5.942202359E-02
11129; 3.239306808E-01;-2.457764372E-02;-2.855739201E-09; 2.787510119E-02
11157; 3.281306624E-01;-2.454594523E-02;-1.865174681E-14; 6.866033375E-02
12837; 3.239306808E-01;-2.429423667E-02;-1.903825986E-09; 2.066376805E-02
12857; 3.281306624E-01;-2.427310497E-02;-1.254552018E-14; 8.158601075E-02
13813; 3.239306808E-01;-2.401082963E-02;-9.519128819E-10; 1.766340435E-02
13820; 3.281306624E-01;-2.400026470E-02;-6.439293543E-15; 9.692625701E-02
15516; 3.239306808E-01;-2.372742258E-02; 1.249000903E-16; 5.229743943E-02
15517; 3.281306624E-01;-2.372742258E-02; 1.110223025E-16; 1.179607064E-01
16438; 3.239448965E-01;-2.348346077E-02; 1.342512546E-09; 1.115374044E-01
16439; 3.281164467E-01;-2.348343469E-02; 1.249597092E-09; 1.468636096E-01
17359; 3.280740082E-01;-2.324292436E-02;-5.449521945E-10; 1.786429435E-01
17360; 3.239873648E-01;-2.324277721E-02;-5.841105377E-10; 2.430594414E-01
18270; 3.240574300E-01;-2.300886624E-02;-7.973084415E-10; 4.722667933E-01
18271; 3.280038834E-01;-2.300880477E-02;-7.502473087E-10; 2.045062631E-01
19915; 3.241542578E-01;-2.278453298E-02; 1.228679936E-09; 8.507022262E-01
19916; 3.279070258E-01;-2.278438024E-02; 1.181269305E-09; 2.157590091E-01
20807; 3.277849555E-01;-2.257307246E-02; 1.073761913E-10; 1.992212236E-01
20808; 3.242765665E-01;-2.257281914E-02; 1.124487448E-10; 1.307232499E+00
20955; 3.244222701E-01;-2.237723023E-02;-1.348177014E-09; 1.753943563E+00
20956; 3.276389837E-01;-2.237710357E-02;-1.340733191E-09; 1.829925925E-01
21822; 3.274712861E-01;-2.219946124E-02;-5.091840283E-10; 1.866705269E-01
21824; 3.245900869E-01;-2.219942957E-02;-4.937200648E-10; 2.183530331E+00
22676; 3.272842467E-01;-2.204261720E-02;-4.186345937E-09; 2.930029333E-01
22675; 3.247771859E-01;-2.204256319E-02;-3.848830588E-09; 2.545341253E+00
23501; 3.249808848E-01;-2.190865390E-02;-2.995943493E-09; 2.819007397E+00
23503; 3.270801008E-01;-2.190844715E-02;-3.300798745E-09; 4.085932672E-01
23585; 3.268618882E-01;-2.179892734E-02;-1.249356396E-09; 3.243707120E-01
23584; 3.251994848E-01;-2.179892361E-02;-1.283618101E-09; 2.957498789E+00
23642; 3.266326785E-01;-2.171556465E-02;-3.094120737E-09; 1.923092157E-01
23644; 3.254286945E-01;-2.171554789E-02;-2.515673891E-09; 2.914595127E+00
24414; 3.256658316E-01;-2.165935747E-02;-2.818242972E-09; 2.806083679E+00
24415; 3.263950646E-01;-2.165927924E-02;-3.826084782E-09; 9.575096965E-01
24445; 3.261525035E-01;-2.163096145E-02;-2.753716366E-09; 1.844336152E+00
24444; 3.259088397E-01;-2.163095959E-02;-2.600327731E-09; 2.355015278E+00